=== exl3xpu ESIMD build ===
date: 2026-10-07T10:53:27Z
python: /home/yanchun/Projects/vllm.xpu/.venv/bin/python (3.12.14)
exl3 src: /home/yanchun/Projects/exl3xpu (15ded2f3add148c4db3c900cba7de878238f53bc)
worktree patch:
 csrc/exl3_ops.sycl | 22 ++++++++++++++++++++--
 exl3xpu/ops.py     |  4 +++-
 2 files changed, 23 insertions(+), 3 deletions(-)
 
:: initializing oneAPI environment ...
   build_exl3_ext.sh: BASH_VERSION = 5.3.20(1)-release
   args: Using "$@" for setvars.sh arguments: --force
:: compiler -- latest
:: debugger -- latest
:: mkl -- latest
:: tbb -- latest
:: tcm -- latest
:: umf -- latest
:: oneAPI environment initialized ::
 
icpx: /opt/intel/oneapi/compiler/2026.0/bin/icpx (Intel(R) oneAPI DPC++/C++ Compiler 2026.0.0 (2026.0.0.20260331))
torch dir: /home/yanchun/Projects/vllm.xpu/.venv/lib/python3.12/site-packages/torch
CXX11 ABI: 1
torch 2.13.0+xpu
EXL3_FLAGS: -DEXL3_ALL_CODEBOOKS  EXL3_NO_DNNL=1
fresh output: /home/yanchun/Projects/exl3xpu/exl3xpu/_C.so.fresh-20261007-125331
icpx: warning: '-x none' after last input file has no effect [-Wunused-command-line-argument]
In file included from /home/yanchun/Projects/exl3xpu/csrc/exl3_ops.sycl:3:
In file included from /home/yanchun/Projects/vllm.xpu/.venv/lib/python3.12/site-packages/torch/include/torch/csrc/api/include/torch/all.h:8:
In file included from /home/yanchun/Projects/vllm.xpu/.venv/lib/python3.12/site-packages/torch/include/torch/csrc/api/include/torch/autograd.h:4:
In file included from /home/yanchun/Projects/vllm.xpu/.venv/lib/python3.12/site-packages/torch/include/torch/csrc/autograd/autograd.h:4:
In file included from /home/yanchun/Projects/vllm.xpu/.venv/lib/python3.12/site-packages/torch/include/torch/csrc/autograd/variable.h:7:
In file included from /home/yanchun/Projects/vllm.xpu/.venv/lib/python3.12/site-packages/torch/include/torch/csrc/autograd/cpp_hook.h:3:
In file included from /home/yanchun/Projects/vllm.xpu/.venv/lib/python3.12/site-packages/torch/include/torch/csrc/autograd/function_hook.h:4:
In file included from /home/yanchun/Projects/vllm.xpu/.venv/lib/python3.12/site-packages/torch/include/ATen/Tensor.h:4:
In file included from /home/yanchun/Projects/vllm.xpu/.venv/lib/python3.12/site-packages/torch/include/ATen/core/Tensor.h:4:
In file included from /home/yanchun/Projects/vllm.xpu/.venv/lib/python3.12/site-packages/torch/include/ATen/core/TensorBody.h:17:
In file included from /home/yanchun/Projects/vllm.xpu/.venv/lib/python3.12/site-packages/torch/include/c10/core/Scalar.h:10:
In file included from /home/yanchun/Projects/vllm.xpu/.venv/lib/python3.12/site-packages/torch/include/c10/core/ScalarType.h:4:
In file included from /home/yanchun/Projects/vllm.xpu/.venv/lib/python3.12/site-packages/torch/include/c10/util/BFloat16.h:2:
/home/yanchun/Projects/vllm.xpu/.venv/lib/python3.12/site-packages/torch/include/torch/headeronly/util/BFloat16.h:106:7: warning: use of NaN is undefined behavior due to the currently enabled floating-point options [-Wnan-infinity-disabled]
  106 |   if (std::isnan(src)) {
      |       ^~~~~~~~~~~~~~~
In file included from /home/yanchun/Projects/exl3xpu/csrc/exl3_ops.sycl:3:
In file included from /home/yanchun/Projects/vllm.xpu/.venv/lib/python3.12/site-packages/torch/include/torch/csrc/api/include/torch/all.h:8:
In file included from /home/yanchun/Projects/vllm.xpu/.venv/lib/python3.12/site-packages/torch/include/torch/csrc/api/include/torch/autograd.h:4:
In file included from /home/yanchun/Projects/vllm.xpu/.venv/lib/python3.12/site-packages/torch/include/torch/csrc/autograd/autograd.h:4:
In file included from /home/yanchun/Projects/vllm.xpu/.venv/lib/python3.12/site-packages/torch/include/torch/csrc/autograd/variable.h:7:
In file included from /home/yanchun/Projects/vllm.xpu/.venv/lib/python3.12/site-packages/torch/include/torch/csrc/autograd/cpp_hook.h:3:
In file included from /home/yanchun/Projects/vllm.xpu/.venv/lib/python3.12/site-packages/torch/include/torch/csrc/autograd/function_hook.h:4:
In file included from /home/yanchun/Projects/vllm.xpu/.venv/lib/python3.12/site-packages/torch/include/ATen/Tensor.h:4:
In file included from /home/yanchun/Projects/vllm.xpu/.venv/lib/python3.12/site-packages/torch/include/ATen/core/Tensor.h:4:
In file included from /home/yanchun/Projects/vllm.xpu/.venv/lib/python3.12/site-packages/torch/include/ATen/core/TensorBody.h:17:
In file included from /home/yanchun/Projects/vllm.xpu/.venv/lib/python3.12/site-packages/torch/include/c10/core/Scalar.h:19:
In file included from /home/yanchun/Projects/vllm.xpu/.venv/lib/python3.12/site-packages/torch/include/c10/util/TypeCast.h:12:
/home/yanchun/Projects/vllm.xpu/.venv/lib/python3.12/site-packages/torch/include/c10/util/overflows.h:66:30: warning: use of infinity is undefined behavior due to the currently enabled floating-point options [-Wnan-infinity-disabled]
   66 |   if (limit::has_infinity && std::isinf(static_cast<double>(f))) {
      |                              ^~~~~~~~~~~~~~~~~~~~~~~~~~~~~~~~~~
In file included from /home/yanchun/Projects/exl3xpu/csrc/exl3_ops.sycl:3:
In file included from /home/yanchun/Projects/vllm.xpu/.venv/lib/python3.12/site-packages/torch/include/torch/csrc/api/include/torch/all.h:8:
In file included from /home/yanchun/Projects/vllm.xpu/.venv/lib/python3.12/site-packages/torch/include/torch/csrc/api/include/torch/autograd.h:4:
In file included from /home/yanchun/Projects/vllm.xpu/.venv/lib/python3.12/site-packages/torch/include/torch/csrc/autograd/autograd.h:4:
In file included from /home/yanchun/Projects/vllm.xpu/.venv/lib/python3.12/site-packages/torch/include/torch/csrc/autograd/variable.h:7:
In file included from /home/yanchun/Projects/vllm.xpu/.venv/lib/python3.12/site-packages/torch/include/torch/csrc/autograd/cpp_hook.h:3:
In file included from /home/yanchun/Projects/vllm.xpu/.venv/lib/python3.12/site-packages/torch/include/torch/csrc/autograd/function_hook.h:4:
In file included from /home/yanchun/Projects/vllm.xpu/.venv/lib/python3.12/site-packages/torch/include/ATen/Tensor.h:4:
In file included from /home/yanchun/Projects/vllm.xpu/.venv/lib/python3.12/site-packages/torch/include/ATen/core/Tensor.h:4:
In file included from /home/yanchun/Projects/vllm.xpu/.venv/lib/python3.12/site-packages/torch/include/ATen/core/TensorBody.h:21:
In file included from /home/yanchun/Projects/vllm.xpu/.venv/lib/python3.12/site-packages/torch/include/c10/core/TensorImpl.h:9:
In file included from /home/yanchun/Projects/vllm.xpu/.venv/lib/python3.12/site-packages/torch/include/c10/core/InferenceMode.h:4:
/home/yanchun/Projects/vllm.xpu/.venv/lib/python3.12/site-packages/torch/include/c10/core/AutogradState.h:89:33: warning: default member initializer for bit-field is a C++20 extension [-Wc++20-extensions]
   89 |   bool view_replay_enabled_ : 1 = false;
      |                                 ^
/home/yanchun/Projects/vllm.xpu/.venv/lib/python3.12/site-packages/torch/include/c10/core/AutogradState.h:90:45: warning: default member initializer for bit-field is a C++20 extension [-Wc++20-extensions]
   90 |   bool grad_layout_enforcement_enabled_ : 1 = true;
      |                                             ^
In file included from /home/yanchun/Projects/exl3xpu/csrc/exl3_ops.sycl:3:
In file included from /home/yanchun/Projects/vllm.xpu/.venv/lib/python3.12/site-packages/torch/include/torch/csrc/api/include/torch/all.h:16:
In file included from /home/yanchun/Projects/vllm.xpu/.venv/lib/python3.12/site-packages/torch/include/torch/csrc/api/include/torch/nn.h:5:
In file included from /home/yanchun/Projects/vllm.xpu/.venv/lib/python3.12/site-packages/torch/include/torch/csrc/api/include/torch/nn/functional.h:12:
In file included from /home/yanchun/Projects/vllm.xpu/.venv/lib/python3.12/site-packages/torch/include/torch/csrc/api/include/torch/nn/functional/loss.h:5:
/home/yanchun/Projects/vllm.xpu/.venv/lib/python3.12/site-packages/torch/include/torch/csrc/api/include/torch/nn/functional/activation.h:900:16: warning: use of infinity is undefined behavior due to the currently enabled floating-point options [-Wnan-infinity-disabled]
  900 |               -std::numeric_limits<scalar_t>::infinity());
      |                ^~~~~~~~~~~~~~~~~~~~~~~~~~~~~~~~~~~~~~~~~
/home/yanchun/Projects/vllm.xpu/.venv/lib/python3.12/site-packages/torch/include/ATen/Dispatch.h:197:66: note: expanded from macro 'AT_DISPATCH_FLOATING_TYPES'
  197 |   AT_DISPATCH_SWITCH(TYPE, NAME, AT_DISPATCH_CASE_FLOATING_TYPES(__VA_ARGS__))
      |                                                                  ^~~~~~~~~~~
/home/yanchun/Projects/vllm.xpu/.venv/lib/python3.12/site-packages/torch/include/ATen/Dispatch.h:193:44: note: expanded from macro 'AT_DISPATCH_CASE_FLOATING_TYPES'
  193 |   AT_DISPATCH_CASE(at::ScalarType::Double, __VA_ARGS__) \
      |                                            ^~~~~~~~~~~
/home/yanchun/Projects/vllm.xpu/.venv/lib/python3.12/site-packages/torch/include/ATen/Dispatch.h:71:56: note: expanded from macro 'AT_DISPATCH_CASE'
   71 |   AT_PRIVATE_CASE_TYPE_USING_HINT(enum_type, scalar_t, __VA_ARGS__)
      |                                                        ^~~~~~~~~~~
note: (skipping 1 expansions in backtrace; use -fmacro-backtrace-limit=0 to see all)
/home/yanchun/Projects/vllm.xpu/.venv/lib/python3.12/site-packages/torch/include/torch/headeronly/core/Dispatch.h:13:12: note: expanded from macro 'THO_PRIVATE_CASE_TYPE_USING_HINT_TMPL'
   13 |     return __VA_ARGS__();                                                    \
      |            ^~~~~~~~~~~
/home/yanchun/Projects/vllm.xpu/.venv/lib/python3.12/site-packages/torch/include/ATen/Dispatch.h:190:7: note: expanded from macro 'AT_DISPATCH_SWITCH'
  190 |       __VA_ARGS__)
      |       ^~~~~~~~~~~
/home/yanchun/Projects/vllm.xpu/.venv/lib/python3.12/site-packages/torch/include/torch/headeronly/core/Dispatch.h:40:7: note: expanded from macro 'THO_DISPATCH_SWITCH_TMPL'
   40 |       __VA_ARGS__                                                           \
      |       ^~~~~~~~~~~
In file included from /home/yanchun/Projects/exl3xpu/csrc/exl3_ops.sycl:3:
In file included from /home/yanchun/Projects/vllm.xpu/.venv/lib/python3.12/site-packages/torch/include/torch/csrc/api/include/torch/all.h:16:
In file included from /home/yanchun/Projects/vllm.xpu/.venv/lib/python3.12/site-packages/torch/include/torch/csrc/api/include/torch/nn.h:5:
In file included from /home/yanchun/Projects/vllm.xpu/.venv/lib/python3.12/site-packages/torch/include/torch/csrc/api/include/torch/nn/functional.h:12:
In file included from /home/yanchun/Projects/vllm.xpu/.venv/lib/python3.12/site-packages/torch/include/torch/csrc/api/include/torch/nn/functional/loss.h:5:
/home/yanchun/Projects/vllm.xpu/.venv/lib/python3.12/site-packages/torch/include/torch/csrc/api/include/torch/nn/functional/activation.h:900:16: warning: use of infinity is undefined behavior due to the currently enabled floating-point options [-Wnan-infinity-disabled]
  900 |               -std::numeric_limits<scalar_t>::infinity());
      |                ^~~~~~~~~~~~~~~~~~~~~~~~~~~~~~~~~~~~~~~~~
/home/yanchun/Projects/vllm.xpu/.venv/lib/python3.12/site-packages/torch/include/ATen/Dispatch.h:197:66: note: expanded from macro 'AT_DISPATCH_FLOATING_TYPES'
  197 |   AT_DISPATCH_SWITCH(TYPE, NAME, AT_DISPATCH_CASE_FLOATING_TYPES(__VA_ARGS__))
      |                                                                  ^~~~~~~~~~~
/home/yanchun/Projects/vllm.xpu/.venv/lib/python3.12/site-packages/torch/include/ATen/Dispatch.h:194:43: note: expanded from macro 'AT_DISPATCH_CASE_FLOATING_TYPES'
  194 |   AT_DISPATCH_CASE(at::ScalarType::Float, __VA_ARGS__)
      |                                           ^~~~~~~~~~~
/home/yanchun/Projects/vllm.xpu/.venv/lib/python3.12/site-packages/torch/include/ATen/Dispatch.h:71:56: note: expanded from macro 'AT_DISPATCH_CASE'
   71 |   AT_PRIVATE_CASE_TYPE_USING_HINT(enum_type, scalar_t, __VA_ARGS__)
      |                                                        ^~~~~~~~~~~
note: (skipping 1 expansions in backtrace; use -fmacro-backtrace-limit=0 to see all)
/home/yanchun/Projects/vllm.xpu/.venv/lib/python3.12/site-packages/torch/include/torch/headeronly/core/Dispatch.h:13:12: note: expanded from macro 'THO_PRIVATE_CASE_TYPE_USING_HINT_TMPL'
   13 |     return __VA_ARGS__();                                                    \
      |            ^~~~~~~~~~~
/home/yanchun/Projects/vllm.xpu/.venv/lib/python3.12/site-packages/torch/include/ATen/Dispatch.h:190:7: note: expanded from macro 'AT_DISPATCH_SWITCH'
  190 |       __VA_ARGS__)
      |       ^~~~~~~~~~~
/home/yanchun/Projects/vllm.xpu/.venv/lib/python3.12/site-packages/torch/include/torch/headeronly/core/Dispatch.h:40:7: note: expanded from macro 'THO_DISPATCH_SWITCH_TMPL'
   40 |       __VA_ARGS__                                                           \
      |       ^~~~~~~~~~~
In file included from /home/yanchun/Projects/exl3xpu/csrc/exl3_ops.sycl:3:
In file included from /home/yanchun/Projects/vllm.xpu/.venv/lib/python3.12/site-packages/torch/include/torch/csrc/api/include/torch/all.h:16:
In file included from /home/yanchun/Projects/vllm.xpu/.venv/lib/python3.12/site-packages/torch/include/torch/csrc/api/include/torch/nn.h:11:
In file included from /home/yanchun/Projects/vllm.xpu/.venv/lib/python3.12/site-packages/torch/include/torch/csrc/api/include/torch/nn/utils.h:4:
/home/yanchun/Projects/vllm.xpu/.venv/lib/python3.12/site-packages/torch/include/torch/csrc/api/include/torch/nn/utils/clip_grad.h:41:20: warning: use of infinity is undefined behavior due to the currently enabled floating-point options [-Wnan-infinity-disabled]
   41 |   if (norm_type == std::numeric_limits<double>::infinity()) {
      |                    ^~~~~~~~~~~~~~~~~~~~~~~~~~~~~~~~~~~~~~~
/home/yanchun/Projects/vllm.xpu/.venv/lib/python3.12/site-packages/torch/include/torch/csrc/api/include/torch/nn/utils/clip_grad.h:72:9: warning: use of infinity is undefined behavior due to the currently enabled floating-point options [-Wnan-infinity-disabled]
   72 |         std::isfinite(*total_norm),
      |         ^~~~~~~~~~~~~~~~~~~~~~~~~~
/home/yanchun/Projects/vllm.xpu/.venv/lib/python3.12/site-packages/torch/include/c10/util/Exception.h:627:31: note: expanded from macro 'TORCH_CHECK'
  627 |   if (C10_UNLIKELY_OR_CONST(!(cond))) {            \
      |                               ^~~~
/home/yanchun/Projects/vllm.xpu/.venv/lib/python3.12/site-packages/torch/include/torch/headeronly/util/Exception.h:28:47: note: expanded from macro 'C10_UNLIKELY_OR_CONST'
   28 | #define C10_UNLIKELY_OR_CONST(e) C10_UNLIKELY(e)
      |                                               ^
/home/yanchun/Projects/vllm.xpu/.venv/lib/python3.12/site-packages/torch/include/torch/headeronly/macros/Macros.h:202:64: note: expanded from macro 'C10_UNLIKELY'
  202 | #define C10_UNLIKELY(expr) (__builtin_expect(static_cast<bool>(expr), 0))
      |                                                                ^~~~
In file included from /home/yanchun/Projects/exl3xpu/csrc/exl3_ops.sycl:7:
/home/yanchun/Projects/exl3xpu/csrc/fa_esimd.h:65:30: warning: use of infinity via a macro is undefined behavior due to the currently enabled floating-point options [-Wnan-infinity-disabled]
   65 |         simd<float, QR> m = -INFINITY, l = 0.0f;
      |                              ^
/home/yanchun/Projects/exl3xpu/csrc/fa_esimd.h:106:51: warning: use of infinity via a macro is undefined behavior due to the currently enabled floating-point options [-Wnan-infinity-disabled]
  106 |                         sv.merge(simd<float, KT>(-INFINITY), kj > lim);
      |                                                   ^
/home/yanchun/Projects/exl3xpu/csrc/fa_esimd.h:65:30: warning: use of infinity is undefined behavior due to the currently enabled floating-point options [-Wnan-infinity-disabled]
   65 |         simd<float, QR> m = -INFINITY, l = 0.0f;
      |                              ^~~~~~~~
/usr/include/math.h:93:22: note: expanded from macro 'INFINITY'
   93 | #   define INFINITY (__builtin_inff ())
      |                      ^~~~~~~~~~~~~~~~~
In file included from /home/yanchun/Projects/exl3xpu/csrc/exl3_ops.sycl:7:
/home/yanchun/Projects/exl3xpu/csrc/fa_esimd.h:106:51: warning: use of infinity is undefined behavior due to the currently enabled floating-point options [-Wnan-infinity-disabled]
  106 |                         sv.merge(simd<float, KT>(-INFINITY), kj > lim);
      |                                                   ^~~~~~~~
/usr/include/math.h:93:22: note: expanded from macro 'INFINITY'
   93 | #   define INFINITY (__builtin_inff ())
      |                      ^~~~~~~~~~~~~~~~~
/home/yanchun/Projects/exl3xpu/csrc/exl3_ops.sycl:644:41: warning: 'parallel_for' is deprecated: To specify properties, use a launch configuration object of type launch_config or a kernel functor with a get(sycl::ext::oneapi::experimental::properties_tag) member function instead. [-Wdeprecated-declarations]
  644 |     qq.submit([&](sycl::handler& h) { h.parallel_for(sycl::nd_range<1>(n, G), props, kern); });
      |                                         ^
/opt/intel/oneapi/compiler/2026.0/bin/compiler/../../include/sycl/handler.hpp:1542:28: note: 'parallel_for' has been explicitly marked deprecated here
 1542 |       PropertiesT>::value> parallel_for(nd_range<Dims> Range,
      |                            ^
/home/yanchun/Projects/exl3xpu/csrc/exl3_ops.sycl:644:41: warning: 'parallel_for<sycl::detail::auto_name, exl3fa::FaKernel, sycl::ext::oneapi::experimental::properties<sycl::ext::oneapi::experimental::detail::properties_type_list<sycl::ext::oneapi::experimental::property_value<sycl::ext::intel::experimental::grf_size_key, std::integral_constant<unsigned int, 256>>>>, 1>' is deprecated: To specify properties, use a launch configuration object of type launch_config or a kernel functor with a get(sycl::ext::oneapi::experimental::properties_tag) member function instead. [-Wdeprecated-declarations]
  644 |     qq.submit([&](sycl::handler& h) { h.parallel_for(sycl::nd_range<1>(n, G), props, kern); });
      |                                         ^
/opt/intel/oneapi/compiler/2026.0/bin/compiler/../../include/sycl/handler.hpp:1537:3: note: 'parallel_for<sycl::detail::auto_name, exl3fa::FaKernel, sycl::ext::oneapi::experimental::properties<sycl::ext::oneapi::experimental::detail::properties_type_list<sycl::ext::oneapi::experimental::property_value<sycl::ext::intel::experimental::grf_size_key, std::integral_constant<unsigned int, 256>>>>, 1>' has been explicitly marked deprecated here
 1537 |   __SYCL_DEPRECATED("To specify properties, use a launch configuration object "
      |   ^
/opt/intel/oneapi/compiler/2026.0/bin/compiler/../../include/sycl/detail/defines_elementary.hpp:62:38: note: expanded from macro '__SYCL_DEPRECATED'
   62 | #define __SYCL_DEPRECATED(message) [[deprecated(message)]]
      |                                      ^
In file included from /home/yanchun/Projects/exl3xpu/csrc/exl3_ops.sycl:3:
In file included from /home/yanchun/Projects/vllm.xpu/.venv/lib/python3.12/site-packages/torch/include/torch/csrc/api/include/torch/all.h:8:
In file included from /home/yanchun/Projects/vllm.xpu/.venv/lib/python3.12/site-packages/torch/include/torch/csrc/api/include/torch/autograd.h:4:
In file included from /home/yanchun/Projects/vllm.xpu/.venv/lib/python3.12/site-packages/torch/include/torch/csrc/autograd/autograd.h:4:
In file included from /home/yanchun/Projects/vllm.xpu/.venv/lib/python3.12/site-packages/torch/include/torch/csrc/autograd/variable.h:7:
In file included from /home/yanchun/Projects/vllm.xpu/.venv/lib/python3.12/site-packages/torch/include/torch/csrc/autograd/cpp_hook.h:3:
In file included from /home/yanchun/Projects/vllm.xpu/.venv/lib/python3.12/site-packages/torch/include/torch/csrc/autograd/function_hook.h:4:
In file included from /home/yanchun/Projects/vllm.xpu/.venv/lib/python3.12/site-packages/torch/include/ATen/Tensor.h:4:
In file included from /home/yanchun/Projects/vllm.xpu/.venv/lib/python3.12/site-packages/torch/include/ATen/core/Tensor.h:4:
In file included from /home/yanchun/Projects/vllm.xpu/.venv/lib/python3.12/site-packages/torch/include/ATen/core/TensorBody.h:17:
In file included from /home/yanchun/Projects/vllm.xpu/.venv/lib/python3.12/site-packages/torch/include/c10/core/Scalar.h:19:
In file included from /home/yanchun/Projects/vllm.xpu/.venv/lib/python3.12/site-packages/torch/include/c10/util/TypeCast.h:12:
/home/yanchun/Projects/vllm.xpu/.venv/lib/python3.12/site-packages/torch/include/c10/util/overflows.h:66:30: warning: use of infinity is undefined behavior due to the currently enabled floating-point options [-Wnan-infinity-disabled]
   66 |   if (limit::has_infinity && std::isinf(static_cast<double>(f))) {
      |                              ^~~~~~~~~~~~~~~~~~~~~~~~~~~~~~~~~~
/home/yanchun/Projects/vllm.xpu/.venv/lib/python3.12/site-packages/torch/include/c10/util/TypeCast.h:197:36: note: in instantiation of function template specialization 'c10::overflows<unsigned char, double>' requested here
  197 |   if (!std::is_same_v<To, bool> && overflows<To, From>(f)) {
      |                                    ^
/home/yanchun/Projects/vllm.xpu/.venv/lib/python3.12/site-packages/torch/include/c10/core/Scalar.h:141:39: note: in instantiation of function template specialization 'c10::checked_convert<unsigned char, double>' requested here
  141 |   AT_FORALL_SCALAR_TYPES_WITH_COMPLEX(DEFINE_ACCESSOR)
      |                                       ^
/home/yanchun/Projects/vllm.xpu/.venv/lib/python3.12/site-packages/torch/include/torch/headeronly/core/ScalarType.h:82:3: note: expanded from macro 'AT_FORALL_SCALAR_TYPES_WITH_COMPLEX'
   82 |   _(uint8_t, Byte)                             \
      |   ^
/home/yanchun/Projects/vllm.xpu/.venv/lib/python3.12/site-packages/torch/include/c10/core/Scalar.h:117:14: note: expanded from macro 'DEFINE_ACCESSOR'
  117 |       return checked_convert<type, double>(v.d, #type);               \
      |              ^
In file included from /home/yanchun/Projects/exl3xpu/csrc/exl3_ops.sycl:3:
In file included from /home/yanchun/Projects/vllm.xpu/.venv/lib/python3.12/site-packages/torch/include/torch/csrc/api/include/torch/all.h:8:
In file included from /home/yanchun/Projects/vllm.xpu/.venv/lib/python3.12/site-packages/torch/include/torch/csrc/api/include/torch/autograd.h:4:
In file included from /home/yanchun/Projects/vllm.xpu/.venv/lib/python3.12/site-packages/torch/include/torch/csrc/autograd/autograd.h:4:
In file included from /home/yanchun/Projects/vllm.xpu/.venv/lib/python3.12/site-packages/torch/include/torch/csrc/autograd/variable.h:7:
In file included from /home/yanchun/Projects/vllm.xpu/.venv/lib/python3.12/site-packages/torch/include/torch/csrc/autograd/cpp_hook.h:3:
In file included from /home/yanchun/Projects/vllm.xpu/.venv/lib/python3.12/site-packages/torch/include/torch/csrc/autograd/function_hook.h:4:
In file included from /home/yanchun/Projects/vllm.xpu/.venv/lib/python3.12/site-packages/torch/include/ATen/Tensor.h:4:
In file included from /home/yanchun/Projects/vllm.xpu/.venv/lib/python3.12/site-packages/torch/include/ATen/core/Tensor.h:4:
In file included from /home/yanchun/Projects/vllm.xpu/.venv/lib/python3.12/site-packages/torch/include/ATen/core/TensorBody.h:17:
In file included from /home/yanchun/Projects/vllm.xpu/.venv/lib/python3.12/site-packages/torch/include/c10/core/Scalar.h:19:
In file included from /home/yanchun/Projects/vllm.xpu/.venv/lib/python3.12/site-packages/torch/include/c10/util/TypeCast.h:12:
/home/yanchun/Projects/vllm.xpu/.venv/lib/python3.12/site-packages/torch/include/c10/util/overflows.h:66:30: warning: use of infinity is undefined behavior due to the currently enabled floating-point options [-Wnan-infinity-disabled]
   66 |   if (limit::has_infinity && std::isinf(static_cast<double>(f))) {
      |                              ^~~~~~~~~~~~~~~~~~~~~~~~~~~~~~~~~~
/home/yanchun/Projects/vllm.xpu/.venv/lib/python3.12/site-packages/torch/include/c10/util/TypeCast.h:197:36: note: in instantiation of function template specialization 'c10::overflows<signed char, double>' requested here
  197 |   if (!std::is_same_v<To, bool> && overflows<To, From>(f)) {
      |                                    ^
/home/yanchun/Projects/vllm.xpu/.venv/lib/python3.12/site-packages/torch/include/c10/core/Scalar.h:141:39: note: in instantiation of function template specialization 'c10::checked_convert<signed char, double>' requested here
  141 |   AT_FORALL_SCALAR_TYPES_WITH_COMPLEX(DEFINE_ACCESSOR)
      |                                       ^
/home/yanchun/Projects/vllm.xpu/.venv/lib/python3.12/site-packages/torch/include/torch/headeronly/core/ScalarType.h:83:3: note: expanded from macro 'AT_FORALL_SCALAR_TYPES_WITH_COMPLEX'
   83 |   _(int8_t, Char)                              \
      |   ^
/home/yanchun/Projects/vllm.xpu/.venv/lib/python3.12/site-packages/torch/include/c10/core/Scalar.h:117:14: note: expanded from macro 'DEFINE_ACCESSOR'
  117 |       return checked_convert<type, double>(v.d, #type);               \
      |              ^
In file included from /home/yanchun/Projects/exl3xpu/csrc/exl3_ops.sycl:3:
In file included from /home/yanchun/Projects/vllm.xpu/.venv/lib/python3.12/site-packages/torch/include/torch/csrc/api/include/torch/all.h:8:
In file included from /home/yanchun/Projects/vllm.xpu/.venv/lib/python3.12/site-packages/torch/include/torch/csrc/api/include/torch/autograd.h:4:
In file included from /home/yanchun/Projects/vllm.xpu/.venv/lib/python3.12/site-packages/torch/include/torch/csrc/autograd/autograd.h:4:
In file included from /home/yanchun/Projects/vllm.xpu/.venv/lib/python3.12/site-packages/torch/include/torch/csrc/autograd/variable.h:7:
In file included from /home/yanchun/Projects/vllm.xpu/.venv/lib/python3.12/site-packages/torch/include/torch/csrc/autograd/cpp_hook.h:3:
In file included from /home/yanchun/Projects/vllm.xpu/.venv/lib/python3.12/site-packages/torch/include/torch/csrc/autograd/function_hook.h:4:
In file included from /home/yanchun/Projects/vllm.xpu/.venv/lib/python3.12/site-packages/torch/include/ATen/Tensor.h:4:
In file included from /home/yanchun/Projects/vllm.xpu/.venv/lib/python3.12/site-packages/torch/include/ATen/core/Tensor.h:4:
In file included from /home/yanchun/Projects/vllm.xpu/.venv/lib/python3.12/site-packages/torch/include/ATen/core/TensorBody.h:17:
In file included from /home/yanchun/Projects/vllm.xpu/.venv/lib/python3.12/site-packages/torch/include/c10/core/Scalar.h:19:
In file included from /home/yanchun/Projects/vllm.xpu/.venv/lib/python3.12/site-packages/torch/include/c10/util/TypeCast.h:12:
/home/yanchun/Projects/vllm.xpu/.venv/lib/python3.12/site-packages/torch/include/c10/util/overflows.h:66:30: warning: use of infinity is undefined behavior due to the currently enabled floating-point options [-Wnan-infinity-disabled]
   66 |   if (limit::has_infinity && std::isinf(static_cast<double>(f))) {
      |                              ^~~~~~~~~~~~~~~~~~~~~~~~~~~~~~~~~~
/home/yanchun/Projects/vllm.xpu/.venv/lib/python3.12/site-packages/torch/include/c10/util/TypeCast.h:197:36: note: in instantiation of function template specialization 'c10::overflows<short, double>' requested here
  197 |   if (!std::is_same_v<To, bool> && overflows<To, From>(f)) {
      |                                    ^
/home/yanchun/Projects/vllm.xpu/.venv/lib/python3.12/site-packages/torch/include/c10/core/Scalar.h:141:39: note: in instantiation of function template specialization 'c10::checked_convert<short, double>' requested here
  141 |   AT_FORALL_SCALAR_TYPES_WITH_COMPLEX(DEFINE_ACCESSOR)
      |                                       ^
/home/yanchun/Projects/vllm.xpu/.venv/lib/python3.12/site-packages/torch/include/torch/headeronly/core/ScalarType.h:84:3: note: expanded from macro 'AT_FORALL_SCALAR_TYPES_WITH_COMPLEX'
   84 |   _(int16_t, Short)                            \
      |   ^
/home/yanchun/Projects/vllm.xpu/.venv/lib/python3.12/site-packages/torch/include/c10/core/Scalar.h:117:14: note: expanded from macro 'DEFINE_ACCESSOR'
  117 |       return checked_convert<type, double>(v.d, #type);               \
      |              ^
In file included from /home/yanchun/Projects/exl3xpu/csrc/exl3_ops.sycl:3:
In file included from /home/yanchun/Projects/vllm.xpu/.venv/lib/python3.12/site-packages/torch/include/torch/csrc/api/include/torch/all.h:8:
In file included from /home/yanchun/Projects/vllm.xpu/.venv/lib/python3.12/site-packages/torch/include/torch/csrc/api/include/torch/autograd.h:4:
In file included from /home/yanchun/Projects/vllm.xpu/.venv/lib/python3.12/site-packages/torch/include/torch/csrc/autograd/autograd.h:4:
In file included from /home/yanchun/Projects/vllm.xpu/.venv/lib/python3.12/site-packages/torch/include/torch/csrc/autograd/variable.h:7:
In file included from /home/yanchun/Projects/vllm.xpu/.venv/lib/python3.12/site-packages/torch/include/torch/csrc/autograd/cpp_hook.h:3:
In file included from /home/yanchun/Projects/vllm.xpu/.venv/lib/python3.12/site-packages/torch/include/torch/csrc/autograd/function_hook.h:4:
In file included from /home/yanchun/Projects/vllm.xpu/.venv/lib/python3.12/site-packages/torch/include/ATen/Tensor.h:4:
In file included from /home/yanchun/Projects/vllm.xpu/.venv/lib/python3.12/site-packages/torch/include/ATen/core/Tensor.h:4:
In file included from /home/yanchun/Projects/vllm.xpu/.venv/lib/python3.12/site-packages/torch/include/ATen/core/TensorBody.h:17:
In file included from /home/yanchun/Projects/vllm.xpu/.venv/lib/python3.12/site-packages/torch/include/c10/core/Scalar.h:19:
In file included from /home/yanchun/Projects/vllm.xpu/.venv/lib/python3.12/site-packages/torch/include/c10/util/TypeCast.h:12:
/home/yanchun/Projects/vllm.xpu/.venv/lib/python3.12/site-packages/torch/include/c10/util/overflows.h:66:30: warning: use of infinity is undefined behavior due to the currently enabled floating-point options [-Wnan-infinity-disabled]
   66 |   if (limit::has_infinity && std::isinf(static_cast<double>(f))) {
      |                              ^~~~~~~~~~~~~~~~~~~~~~~~~~~~~~~~~~
/home/yanchun/Projects/vllm.xpu/.venv/lib/python3.12/site-packages/torch/include/c10/util/TypeCast.h:197:36: note: in instantiation of function template specialization 'c10::overflows<int, double>' requested here
  197 |   if (!std::is_same_v<To, bool> && overflows<To, From>(f)) {
      |                                    ^
/home/yanchun/Projects/vllm.xpu/.venv/lib/python3.12/site-packages/torch/include/c10/core/Scalar.h:141:39: note: in instantiation of function template specialization 'c10::checked_convert<int, double>' requested here
  141 |   AT_FORALL_SCALAR_TYPES_WITH_COMPLEX(DEFINE_ACCESSOR)
      |                                       ^
/home/yanchun/Projects/vllm.xpu/.venv/lib/python3.12/site-packages/torch/include/torch/headeronly/core/ScalarType.h:85:3: note: expanded from macro 'AT_FORALL_SCALAR_TYPES_WITH_COMPLEX'
   85 |   _(int, Int)                                  \
      |   ^
/home/yanchun/Projects/vllm.xpu/.venv/lib/python3.12/site-packages/torch/include/c10/core/Scalar.h:117:14: note: expanded from macro 'DEFINE_ACCESSOR'
  117 |       return checked_convert<type, double>(v.d, #type);               \
      |              ^
In file included from /home/yanchun/Projects/exl3xpu/csrc/exl3_ops.sycl:3:
In file included from /home/yanchun/Projects/vllm.xpu/.venv/lib/python3.12/site-packages/torch/include/torch/csrc/api/include/torch/all.h:8:
In file included from /home/yanchun/Projects/vllm.xpu/.venv/lib/python3.12/site-packages/torch/include/torch/csrc/api/include/torch/autograd.h:4:
In file included from /home/yanchun/Projects/vllm.xpu/.venv/lib/python3.12/site-packages/torch/include/torch/csrc/autograd/autograd.h:4:
In file included from /home/yanchun/Projects/vllm.xpu/.venv/lib/python3.12/site-packages/torch/include/torch/csrc/autograd/variable.h:7:
In file included from /home/yanchun/Projects/vllm.xpu/.venv/lib/python3.12/site-packages/torch/include/torch/csrc/autograd/cpp_hook.h:3:
In file included from /home/yanchun/Projects/vllm.xpu/.venv/lib/python3.12/site-packages/torch/include/torch/csrc/autograd/function_hook.h:4:
In file included from /home/yanchun/Projects/vllm.xpu/.venv/lib/python3.12/site-packages/torch/include/ATen/Tensor.h:4:
In file included from /home/yanchun/Projects/vllm.xpu/.venv/lib/python3.12/site-packages/torch/include/ATen/core/Tensor.h:4:
In file included from /home/yanchun/Projects/vllm.xpu/.venv/lib/python3.12/site-packages/torch/include/ATen/core/TensorBody.h:17:
In file included from /home/yanchun/Projects/vllm.xpu/.venv/lib/python3.12/site-packages/torch/include/c10/core/Scalar.h:19:
In file included from /home/yanchun/Projects/vllm.xpu/.venv/lib/python3.12/site-packages/torch/include/c10/util/TypeCast.h:12:
/home/yanchun/Projects/vllm.xpu/.venv/lib/python3.12/site-packages/torch/include/c10/util/overflows.h:66:30: warning: use of infinity is undefined behavior due to the currently enabled floating-point options [-Wnan-infinity-disabled]
   66 |   if (limit::has_infinity && std::isinf(static_cast<double>(f))) {
      |                              ^~~~~~~~~~~~~~~~~~~~~~~~~~~~~~~~~~
/home/yanchun/Projects/vllm.xpu/.venv/lib/python3.12/site-packages/torch/include/c10/util/TypeCast.h:197:36: note: in instantiation of function template specialization 'c10::overflows<long, double>' requested here
  197 |   if (!std::is_same_v<To, bool> && overflows<To, From>(f)) {
      |                                    ^
/home/yanchun/Projects/vllm.xpu/.venv/lib/python3.12/site-packages/torch/include/c10/core/Scalar.h:141:39: note: in instantiation of function template specialization 'c10::checked_convert<long, double>' requested here
  141 |   AT_FORALL_SCALAR_TYPES_WITH_COMPLEX(DEFINE_ACCESSOR)
      |                                       ^
/home/yanchun/Projects/vllm.xpu/.venv/lib/python3.12/site-packages/torch/include/torch/headeronly/core/ScalarType.h:86:3: note: expanded from macro 'AT_FORALL_SCALAR_TYPES_WITH_COMPLEX'
   86 |   _(int64_t, Long)                             \
      |   ^
/home/yanchun/Projects/vllm.xpu/.venv/lib/python3.12/site-packages/torch/include/c10/core/Scalar.h:117:14: note: expanded from macro 'DEFINE_ACCESSOR'
  117 |       return checked_convert<type, double>(v.d, #type);               \
      |              ^
In file included from /home/yanchun/Projects/exl3xpu/csrc/exl3_ops.sycl:3:
In file included from /home/yanchun/Projects/vllm.xpu/.venv/lib/python3.12/site-packages/torch/include/torch/csrc/api/include/torch/all.h:8:
In file included from /home/yanchun/Projects/vllm.xpu/.venv/lib/python3.12/site-packages/torch/include/torch/csrc/api/include/torch/autograd.h:4:
In file included from /home/yanchun/Projects/vllm.xpu/.venv/lib/python3.12/site-packages/torch/include/torch/csrc/autograd/autograd.h:4:
In file included from /home/yanchun/Projects/vllm.xpu/.venv/lib/python3.12/site-packages/torch/include/torch/csrc/autograd/variable.h:7:
In file included from /home/yanchun/Projects/vllm.xpu/.venv/lib/python3.12/site-packages/torch/include/torch/csrc/autograd/cpp_hook.h:3:
In file included from /home/yanchun/Projects/vllm.xpu/.venv/lib/python3.12/site-packages/torch/include/torch/csrc/autograd/function_hook.h:4:
In file included from /home/yanchun/Projects/vllm.xpu/.venv/lib/python3.12/site-packages/torch/include/ATen/Tensor.h:4:
In file included from /home/yanchun/Projects/vllm.xpu/.venv/lib/python3.12/site-packages/torch/include/ATen/core/Tensor.h:4:
In file included from /home/yanchun/Projects/vllm.xpu/.venv/lib/python3.12/site-packages/torch/include/ATen/core/TensorBody.h:17:
In file included from /home/yanchun/Projects/vllm.xpu/.venv/lib/python3.12/site-packages/torch/include/c10/core/Scalar.h:19:
In file included from /home/yanchun/Projects/vllm.xpu/.venv/lib/python3.12/site-packages/torch/include/c10/util/TypeCast.h:12:
/home/yanchun/Projects/vllm.xpu/.venv/lib/python3.12/site-packages/torch/include/c10/util/overflows.h:66:30: warning: use of infinity is undefined behavior due to the currently enabled floating-point options [-Wnan-infinity-disabled]
   66 |   if (limit::has_infinity && std::isinf(static_cast<double>(f))) {
      |                              ^~~~~~~~~~~~~~~~~~~~~~~~~~~~~~~~~~
/home/yanchun/Projects/vllm.xpu/.venv/lib/python3.12/site-packages/torch/include/c10/util/TypeCast.h:197:36: note: in instantiation of function template specialization 'c10::overflows<c10::Half, double>' requested here
  197 |   if (!std::is_same_v<To, bool> && overflows<To, From>(f)) {
      |                                    ^
/home/yanchun/Projects/vllm.xpu/.venv/lib/python3.12/site-packages/torch/include/c10/core/Scalar.h:141:39: note: in instantiation of function template specialization 'c10::checked_convert<c10::Half, double>' requested here
  141 |   AT_FORALL_SCALAR_TYPES_WITH_COMPLEX(DEFINE_ACCESSOR)
      |                                       ^
/home/yanchun/Projects/vllm.xpu/.venv/lib/python3.12/site-packages/torch/include/torch/headeronly/core/ScalarType.h:87:3: note: expanded from macro 'AT_FORALL_SCALAR_TYPES_WITH_COMPLEX'
   87 |   _(c10::Half, Half)                           \
      |   ^
/home/yanchun/Projects/vllm.xpu/.venv/lib/python3.12/site-packages/torch/include/c10/core/Scalar.h:117:14: note: expanded from macro 'DEFINE_ACCESSOR'
  117 |       return checked_convert<type, double>(v.d, #type);               \
      |              ^
In file included from /home/yanchun/Projects/exl3xpu/csrc/exl3_ops.sycl:3:
In file included from /home/yanchun/Projects/vllm.xpu/.venv/lib/python3.12/site-packages/torch/include/torch/csrc/api/include/torch/all.h:8:
In file included from /home/yanchun/Projects/vllm.xpu/.venv/lib/python3.12/site-packages/torch/include/torch/csrc/api/include/torch/autograd.h:4:
In file included from /home/yanchun/Projects/vllm.xpu/.venv/lib/python3.12/site-packages/torch/include/torch/csrc/autograd/autograd.h:4:
In file included from /home/yanchun/Projects/vllm.xpu/.venv/lib/python3.12/site-packages/torch/include/torch/csrc/autograd/variable.h:7:
In file included from /home/yanchun/Projects/vllm.xpu/.venv/lib/python3.12/site-packages/torch/include/torch/csrc/autograd/cpp_hook.h:3:
In file included from /home/yanchun/Projects/vllm.xpu/.venv/lib/python3.12/site-packages/torch/include/torch/csrc/autograd/function_hook.h:4:
In file included from /home/yanchun/Projects/vllm.xpu/.venv/lib/python3.12/site-packages/torch/include/ATen/Tensor.h:4:
In file included from /home/yanchun/Projects/vllm.xpu/.venv/lib/python3.12/site-packages/torch/include/ATen/core/Tensor.h:4:
In file included from /home/yanchun/Projects/vllm.xpu/.venv/lib/python3.12/site-packages/torch/include/ATen/core/TensorBody.h:17:
In file included from /home/yanchun/Projects/vllm.xpu/.venv/lib/python3.12/site-packages/torch/include/c10/core/Scalar.h:19:
In file included from /home/yanchun/Projects/vllm.xpu/.venv/lib/python3.12/site-packages/torch/include/c10/util/TypeCast.h:12:
/home/yanchun/Projects/vllm.xpu/.venv/lib/python3.12/site-packages/torch/include/c10/util/overflows.h:66:30: warning: use of infinity is undefined behavior due to the currently enabled floating-point options [-Wnan-infinity-disabled]
   66 |   if (limit::has_infinity && std::isinf(static_cast<double>(f))) {
      |                              ^~~~~~~~~~~~~~~~~~~~~~~~~~~~~~~~~~
/home/yanchun/Projects/vllm.xpu/.venv/lib/python3.12/site-packages/torch/include/c10/util/TypeCast.h:197:36: note: in instantiation of function template specialization 'c10::overflows<float, double>' requested here
  197 |   if (!std::is_same_v<To, bool> && overflows<To, From>(f)) {
      |                                    ^
/home/yanchun/Projects/vllm.xpu/.venv/lib/python3.12/site-packages/torch/include/c10/core/Scalar.h:141:39: note: in instantiation of function template specialization 'c10::checked_convert<float, double>' requested here
  141 |   AT_FORALL_SCALAR_TYPES_WITH_COMPLEX(DEFINE_ACCESSOR)
      |                                       ^
/home/yanchun/Projects/vllm.xpu/.venv/lib/python3.12/site-packages/torch/include/torch/headeronly/core/ScalarType.h:88:3: note: expanded from macro 'AT_FORALL_SCALAR_TYPES_WITH_COMPLEX'
   88 |   _(float, Float)                              \
      |   ^
/home/yanchun/Projects/vllm.xpu/.venv/lib/python3.12/site-packages/torch/include/c10/core/Scalar.h:117:14: note: expanded from macro 'DEFINE_ACCESSOR'
  117 |       return checked_convert<type, double>(v.d, #type);               \
      |              ^
In file included from /home/yanchun/Projects/exl3xpu/csrc/exl3_ops.sycl:3:
In file included from /home/yanchun/Projects/vllm.xpu/.venv/lib/python3.12/site-packages/torch/include/torch/csrc/api/include/torch/all.h:8:
In file included from /home/yanchun/Projects/vllm.xpu/.venv/lib/python3.12/site-packages/torch/include/torch/csrc/api/include/torch/autograd.h:4:
In file included from /home/yanchun/Projects/vllm.xpu/.venv/lib/python3.12/site-packages/torch/include/torch/csrc/autograd/autograd.h:4:
In file included from /home/yanchun/Projects/vllm.xpu/.venv/lib/python3.12/site-packages/torch/include/torch/csrc/autograd/variable.h:7:
In file included from /home/yanchun/Projects/vllm.xpu/.venv/lib/python3.12/site-packages/torch/include/torch/csrc/autograd/cpp_hook.h:3:
In file included from /home/yanchun/Projects/vllm.xpu/.venv/lib/python3.12/site-packages/torch/include/torch/csrc/autograd/function_hook.h:4:
In file included from /home/yanchun/Projects/vllm.xpu/.venv/lib/python3.12/site-packages/torch/include/ATen/Tensor.h:4:
In file included from /home/yanchun/Projects/vllm.xpu/.venv/lib/python3.12/site-packages/torch/include/ATen/core/Tensor.h:4:
In file included from /home/yanchun/Projects/vllm.xpu/.venv/lib/python3.12/site-packages/torch/include/ATen/core/TensorBody.h:17:
In file included from /home/yanchun/Projects/vllm.xpu/.venv/lib/python3.12/site-packages/torch/include/c10/core/Scalar.h:19:
In file included from /home/yanchun/Projects/vllm.xpu/.venv/lib/python3.12/site-packages/torch/include/c10/util/TypeCast.h:12:
/home/yanchun/Projects/vllm.xpu/.venv/lib/python3.12/site-packages/torch/include/c10/util/overflows.h:66:30: warning: use of infinity is undefined behavior due to the currently enabled floating-point options [-Wnan-infinity-disabled]
   66 |   if (limit::has_infinity && std::isinf(static_cast<double>(f))) {
      |                              ^~~~~~~~~~~~~~~~~~~~~~~~~~~~~~~~~~
/home/yanchun/Projects/vllm.xpu/.venv/lib/python3.12/site-packages/torch/include/c10/util/TypeCast.h:197:36: note: in instantiation of function template specialization 'c10::overflows<double, double>' requested here
  197 |   if (!std::is_same_v<To, bool> && overflows<To, From>(f)) {
      |                                    ^
/home/yanchun/Projects/vllm.xpu/.venv/lib/python3.12/site-packages/torch/include/c10/core/Scalar.h:141:39: note: in instantiation of function template specialization 'c10::checked_convert<double, double>' requested here
  141 |   AT_FORALL_SCALAR_TYPES_WITH_COMPLEX(DEFINE_ACCESSOR)
      |                                       ^
/home/yanchun/Projects/vllm.xpu/.venv/lib/python3.12/site-packages/torch/include/torch/headeronly/core/ScalarType.h:89:3: note: expanded from macro 'AT_FORALL_SCALAR_TYPES_WITH_COMPLEX'
   89 |   _(double, Double)                            \
      |   ^
/home/yanchun/Projects/vllm.xpu/.venv/lib/python3.12/site-packages/torch/include/c10/core/Scalar.h:117:14: note: expanded from macro 'DEFINE_ACCESSOR'
  117 |       return checked_convert<type, double>(v.d, #type);               \
      |              ^
In file included from /home/yanchun/Projects/exl3xpu/csrc/exl3_ops.sycl:3:
In file included from /home/yanchun/Projects/vllm.xpu/.venv/lib/python3.12/site-packages/torch/include/torch/csrc/api/include/torch/all.h:8:
In file included from /home/yanchun/Projects/vllm.xpu/.venv/lib/python3.12/site-packages/torch/include/torch/csrc/api/include/torch/autograd.h:4:
In file included from /home/yanchun/Projects/vllm.xpu/.venv/lib/python3.12/site-packages/torch/include/torch/csrc/autograd/autograd.h:4:
In file included from /home/yanchun/Projects/vllm.xpu/.venv/lib/python3.12/site-packages/torch/include/torch/csrc/autograd/variable.h:7:
In file included from /home/yanchun/Projects/vllm.xpu/.venv/lib/python3.12/site-packages/torch/include/torch/csrc/autograd/cpp_hook.h:3:
In file included from /home/yanchun/Projects/vllm.xpu/.venv/lib/python3.12/site-packages/torch/include/torch/csrc/autograd/function_hook.h:4:
In file included from /home/yanchun/Projects/vllm.xpu/.venv/lib/python3.12/site-packages/torch/include/ATen/Tensor.h:4:
In file included from /home/yanchun/Projects/vllm.xpu/.venv/lib/python3.12/site-packages/torch/include/ATen/core/Tensor.h:4:
In file included from /home/yanchun/Projects/vllm.xpu/.venv/lib/python3.12/site-packages/torch/include/ATen/core/TensorBody.h:17:
In file included from /home/yanchun/Projects/vllm.xpu/.venv/lib/python3.12/site-packages/torch/include/c10/core/Scalar.h:19:
In file included from /home/yanchun/Projects/vllm.xpu/.venv/lib/python3.12/site-packages/torch/include/c10/util/TypeCast.h:12:
/home/yanchun/Projects/vllm.xpu/.venv/lib/python3.12/site-packages/torch/include/c10/util/overflows.h:66:30: warning: use of infinity is undefined behavior due to the currently enabled floating-point options [-Wnan-infinity-disabled]
   66 |   if (limit::has_infinity && std::isinf(static_cast<double>(f))) {
      |                              ^~~~~~~~~~~~~~~~~~~~~~~~~~~~~~~~~~
/home/yanchun/Projects/vllm.xpu/.venv/lib/python3.12/site-packages/torch/include/c10/util/TypeCast.h:197:36: note: in instantiation of function template specialization 'c10::overflows<c10::complex<Half>, double>' requested here
  197 |   if (!std::is_same_v<To, bool> && overflows<To, From>(f)) {
      |                                    ^
/home/yanchun/Projects/vllm.xpu/.venv/lib/python3.12/site-packages/torch/include/c10/core/Scalar.h:141:39: note: in instantiation of function template specialization 'c10::checked_convert<c10::complex<Half>, double>' requested here
  141 |   AT_FORALL_SCALAR_TYPES_WITH_COMPLEX(DEFINE_ACCESSOR)
      |                                       ^
/home/yanchun/Projects/vllm.xpu/.venv/lib/python3.12/site-packages/torch/include/torch/headeronly/core/ScalarType.h:90:3: note: expanded from macro 'AT_FORALL_SCALAR_TYPES_WITH_COMPLEX'
   90 |   _(c10::complex<c10::Half>, ComplexHalf)      \
      |   ^
/home/yanchun/Projects/vllm.xpu/.venv/lib/python3.12/site-packages/torch/include/c10/core/Scalar.h:117:14: note: expanded from macro 'DEFINE_ACCESSOR'
  117 |       return checked_convert<type, double>(v.d, #type);               \
      |              ^
In file included from /home/yanchun/Projects/exl3xpu/csrc/exl3_ops.sycl:3:
In file included from /home/yanchun/Projects/vllm.xpu/.venv/lib/python3.12/site-packages/torch/include/torch/csrc/api/include/torch/all.h:8:
In file included from /home/yanchun/Projects/vllm.xpu/.venv/lib/python3.12/site-packages/torch/include/torch/csrc/api/include/torch/autograd.h:4:
In file included from /home/yanchun/Projects/vllm.xpu/.venv/lib/python3.12/site-packages/torch/include/torch/csrc/autograd/autograd.h:4:
In file included from /home/yanchun/Projects/vllm.xpu/.venv/lib/python3.12/site-packages/torch/include/torch/csrc/autograd/variable.h:7:
In file included from /home/yanchun/Projects/vllm.xpu/.venv/lib/python3.12/site-packages/torch/include/torch/csrc/autograd/cpp_hook.h:3:
In file included from /home/yanchun/Projects/vllm.xpu/.venv/lib/python3.12/site-packages/torch/include/torch/csrc/autograd/function_hook.h:4:
In file included from /home/yanchun/Projects/vllm.xpu/.venv/lib/python3.12/site-packages/torch/include/ATen/Tensor.h:4:
In file included from /home/yanchun/Projects/vllm.xpu/.venv/lib/python3.12/site-packages/torch/include/ATen/core/Tensor.h:4:
In file included from /home/yanchun/Projects/vllm.xpu/.venv/lib/python3.12/site-packages/torch/include/ATen/core/TensorBody.h:17:
In file included from /home/yanchun/Projects/vllm.xpu/.venv/lib/python3.12/site-packages/torch/include/c10/core/Scalar.h:19:
In file included from /home/yanchun/Projects/vllm.xpu/.venv/lib/python3.12/site-packages/torch/include/c10/util/TypeCast.h:12:
/home/yanchun/Projects/vllm.xpu/.venv/lib/python3.12/site-packages/torch/include/c10/util/overflows.h:66:30: warning: use of infinity is undefined behavior due to the currently enabled floating-point options [-Wnan-infinity-disabled]
   66 |   if (limit::has_infinity && std::isinf(static_cast<double>(f))) {
      |                              ^~~~~~~~~~~~~~~~~~~~~~~~~~~~~~~~~~
/home/yanchun/Projects/vllm.xpu/.venv/lib/python3.12/site-packages/torch/include/c10/util/TypeCast.h:197:36: note: in instantiation of function template specialization 'c10::overflows<c10::complex<float>, double>' requested here
  197 |   if (!std::is_same_v<To, bool> && overflows<To, From>(f)) {
      |                                    ^
/home/yanchun/Projects/vllm.xpu/.venv/lib/python3.12/site-packages/torch/include/c10/core/Scalar.h:141:39: note: in instantiation of function template specialization 'c10::checked_convert<c10::complex<float>, double>' requested here
  141 |   AT_FORALL_SCALAR_TYPES_WITH_COMPLEX(DEFINE_ACCESSOR)
      |                                       ^
/home/yanchun/Projects/vllm.xpu/.venv/lib/python3.12/site-packages/torch/include/torch/headeronly/core/ScalarType.h:91:3: note: expanded from macro 'AT_FORALL_SCALAR_TYPES_WITH_COMPLEX'
   91 |   _(c10::complex<float>, ComplexFloat)         \
      |   ^
/home/yanchun/Projects/vllm.xpu/.venv/lib/python3.12/site-packages/torch/include/c10/core/Scalar.h:117:14: note: expanded from macro 'DEFINE_ACCESSOR'
  117 |       return checked_convert<type, double>(v.d, #type);               \
      |              ^
In file included from /home/yanchun/Projects/exl3xpu/csrc/exl3_ops.sycl:3:
In file included from /home/yanchun/Projects/vllm.xpu/.venv/lib/python3.12/site-packages/torch/include/torch/csrc/api/include/torch/all.h:8:
In file included from /home/yanchun/Projects/vllm.xpu/.venv/lib/python3.12/site-packages/torch/include/torch/csrc/api/include/torch/autograd.h:4:
In file included from /home/yanchun/Projects/vllm.xpu/.venv/lib/python3.12/site-packages/torch/include/torch/csrc/autograd/autograd.h:4:
In file included from /home/yanchun/Projects/vllm.xpu/.venv/lib/python3.12/site-packages/torch/include/torch/csrc/autograd/variable.h:7:
In file included from /home/yanchun/Projects/vllm.xpu/.venv/lib/python3.12/site-packages/torch/include/torch/csrc/autograd/cpp_hook.h:3:
In file included from /home/yanchun/Projects/vllm.xpu/.venv/lib/python3.12/site-packages/torch/include/torch/csrc/autograd/function_hook.h:4:
In file included from /home/yanchun/Projects/vllm.xpu/.venv/lib/python3.12/site-packages/torch/include/ATen/Tensor.h:4:
In file included from /home/yanchun/Projects/vllm.xpu/.venv/lib/python3.12/site-packages/torch/include/ATen/core/Tensor.h:4:
In file included from /home/yanchun/Projects/vllm.xpu/.venv/lib/python3.12/site-packages/torch/include/ATen/core/TensorBody.h:17:
In file included from /home/yanchun/Projects/vllm.xpu/.venv/lib/python3.12/site-packages/torch/include/c10/core/Scalar.h:19:
In file included from /home/yanchun/Projects/vllm.xpu/.venv/lib/python3.12/site-packages/torch/include/c10/util/TypeCast.h:12:
/home/yanchun/Projects/vllm.xpu/.venv/lib/python3.12/site-packages/torch/include/c10/util/overflows.h:66:30: warning: use of infinity is undefined behavior due to the currently enabled floating-point options [-Wnan-infinity-disabled]
   66 |   if (limit::has_infinity && std::isinf(static_cast<double>(f))) {
      |                              ^~~~~~~~~~~~~~~~~~~~~~~~~~~~~~~~~~
/home/yanchun/Projects/vllm.xpu/.venv/lib/python3.12/site-packages/torch/include/c10/util/TypeCast.h:197:36: note: in instantiation of function template specialization 'c10::overflows<c10::complex<double>, double>' requested here
  197 |   if (!std::is_same_v<To, bool> && overflows<To, From>(f)) {
      |                                    ^
/home/yanchun/Projects/vllm.xpu/.venv/lib/python3.12/site-packages/torch/include/c10/core/Scalar.h:141:39: note: in instantiation of function template specialization 'c10::checked_convert<c10::complex<double>, double>' requested here
  141 |   AT_FORALL_SCALAR_TYPES_WITH_COMPLEX(DEFINE_ACCESSOR)
      |                                       ^
/home/yanchun/Projects/vllm.xpu/.venv/lib/python3.12/site-packages/torch/include/torch/headeronly/core/ScalarType.h:92:3: note: expanded from macro 'AT_FORALL_SCALAR_TYPES_WITH_COMPLEX'
   92 |   _(c10::complex<double>, ComplexDouble)       \
      |   ^
/home/yanchun/Projects/vllm.xpu/.venv/lib/python3.12/site-packages/torch/include/c10/core/Scalar.h:117:14: note: expanded from macro 'DEFINE_ACCESSOR'
  117 |       return checked_convert<type, double>(v.d, #type);               \
      |              ^
In file included from /home/yanchun/Projects/exl3xpu/csrc/exl3_ops.sycl:3:
In file included from /home/yanchun/Projects/vllm.xpu/.venv/lib/python3.12/site-packages/torch/include/torch/csrc/api/include/torch/all.h:8:
In file included from /home/yanchun/Projects/vllm.xpu/.venv/lib/python3.12/site-packages/torch/include/torch/csrc/api/include/torch/autograd.h:4:
In file included from /home/yanchun/Projects/vllm.xpu/.venv/lib/python3.12/site-packages/torch/include/torch/csrc/autograd/autograd.h:4:
In file included from /home/yanchun/Projects/vllm.xpu/.venv/lib/python3.12/site-packages/torch/include/torch/csrc/autograd/variable.h:7:
In file included from /home/yanchun/Projects/vllm.xpu/.venv/lib/python3.12/site-packages/torch/include/torch/csrc/autograd/cpp_hook.h:3:
In file included from /home/yanchun/Projects/vllm.xpu/.venv/lib/python3.12/site-packages/torch/include/torch/csrc/autograd/function_hook.h:4:
In file included from /home/yanchun/Projects/vllm.xpu/.venv/lib/python3.12/site-packages/torch/include/ATen/Tensor.h:4:
In file included from /home/yanchun/Projects/vllm.xpu/.venv/lib/python3.12/site-packages/torch/include/ATen/core/Tensor.h:4:
In file included from /home/yanchun/Projects/vllm.xpu/.venv/lib/python3.12/site-packages/torch/include/ATen/core/TensorBody.h:17:
In file included from /home/yanchun/Projects/vllm.xpu/.venv/lib/python3.12/site-packages/torch/include/c10/core/Scalar.h:19:
In file included from /home/yanchun/Projects/vllm.xpu/.venv/lib/python3.12/site-packages/torch/include/c10/util/TypeCast.h:12:
/home/yanchun/Projects/vllm.xpu/.venv/lib/python3.12/site-packages/torch/include/c10/util/overflows.h:66:30: warning: use of infinity is undefined behavior due to the currently enabled floating-point options [-Wnan-infinity-disabled]
   66 |   if (limit::has_infinity && std::isinf(static_cast<double>(f))) {
      |                              ^~~~~~~~~~~~~~~~~~~~~~~~~~~~~~~~~~
/home/yanchun/Projects/vllm.xpu/.venv/lib/python3.12/site-packages/torch/include/c10/util/TypeCast.h:197:36: note: in instantiation of function template specialization 'c10::overflows<bool, double>' requested here
  197 |   if (!std::is_same_v<To, bool> && overflows<To, From>(f)) {
      |                                    ^
/home/yanchun/Projects/vllm.xpu/.venv/lib/python3.12/site-packages/torch/include/c10/core/Scalar.h:141:39: note: in instantiation of function template specialization 'c10::checked_convert<bool, double>' requested here
  141 |   AT_FORALL_SCALAR_TYPES_WITH_COMPLEX(DEFINE_ACCESSOR)
      |                                       ^
/home/yanchun/Projects/vllm.xpu/.venv/lib/python3.12/site-packages/torch/include/torch/headeronly/core/ScalarType.h:93:3: note: expanded from macro 'AT_FORALL_SCALAR_TYPES_WITH_COMPLEX'
   93 |   _(bool, Bool)                                \
      |   ^
/home/yanchun/Projects/vllm.xpu/.venv/lib/python3.12/site-packages/torch/include/c10/core/Scalar.h:117:14: note: expanded from macro 'DEFINE_ACCESSOR'
  117 |       return checked_convert<type, double>(v.d, #type);               \
      |              ^
In file included from /home/yanchun/Projects/exl3xpu/csrc/exl3_ops.sycl:3:
In file included from /home/yanchun/Projects/vllm.xpu/.venv/lib/python3.12/site-packages/torch/include/torch/csrc/api/include/torch/all.h:8:
In file included from /home/yanchun/Projects/vllm.xpu/.venv/lib/python3.12/site-packages/torch/include/torch/csrc/api/include/torch/autograd.h:4:
In file included from /home/yanchun/Projects/vllm.xpu/.venv/lib/python3.12/site-packages/torch/include/torch/csrc/autograd/autograd.h:4:
In file included from /home/yanchun/Projects/vllm.xpu/.venv/lib/python3.12/site-packages/torch/include/torch/csrc/autograd/variable.h:7:
In file included from /home/yanchun/Projects/vllm.xpu/.venv/lib/python3.12/site-packages/torch/include/torch/csrc/autograd/cpp_hook.h:3:
In file included from /home/yanchun/Projects/vllm.xpu/.venv/lib/python3.12/site-packages/torch/include/torch/csrc/autograd/function_hook.h:4:
In file included from /home/yanchun/Projects/vllm.xpu/.venv/lib/python3.12/site-packages/torch/include/ATen/Tensor.h:4:
In file included from /home/yanchun/Projects/vllm.xpu/.venv/lib/python3.12/site-packages/torch/include/ATen/core/Tensor.h:4:
In file included from /home/yanchun/Projects/vllm.xpu/.venv/lib/python3.12/site-packages/torch/include/ATen/core/TensorBody.h:17:
In file included from /home/yanchun/Projects/vllm.xpu/.venv/lib/python3.12/site-packages/torch/include/c10/core/Scalar.h:19:
In file included from /home/yanchun/Projects/vllm.xpu/.venv/lib/python3.12/site-packages/torch/include/c10/util/TypeCast.h:12:
/home/yanchun/Projects/vllm.xpu/.venv/lib/python3.12/site-packages/torch/include/c10/util/overflows.h:66:30: warning: use of infinity is undefined behavior due to the currently enabled floating-point options [-Wnan-infinity-disabled]
   66 |   if (limit::has_infinity && std::isinf(static_cast<double>(f))) {
      |                              ^~~~~~~~~~~~~~~~~~~~~~~~~~~~~~~~~~
/home/yanchun/Projects/vllm.xpu/.venv/lib/python3.12/site-packages/torch/include/c10/util/TypeCast.h:197:36: note: in instantiation of function template specialization 'c10::overflows<c10::BFloat16, double>' requested here
  197 |   if (!std::is_same_v<To, bool> && overflows<To, From>(f)) {
      |                                    ^
/home/yanchun/Projects/vllm.xpu/.venv/lib/python3.12/site-packages/torch/include/c10/core/Scalar.h:141:39: note: in instantiation of function template specialization 'c10::checked_convert<c10::BFloat16, double>' requested here
  141 |   AT_FORALL_SCALAR_TYPES_WITH_COMPLEX(DEFINE_ACCESSOR)
      |                                       ^
/home/yanchun/Projects/vllm.xpu/.venv/lib/python3.12/site-packages/torch/include/torch/headeronly/core/ScalarType.h:94:3: note: expanded from macro 'AT_FORALL_SCALAR_TYPES_WITH_COMPLEX'
   94 |   _(c10::BFloat16, BFloat16)                   \
      |   ^
/home/yanchun/Projects/vllm.xpu/.venv/lib/python3.12/site-packages/torch/include/c10/core/Scalar.h:117:14: note: expanded from macro 'DEFINE_ACCESSOR'
  117 |       return checked_convert<type, double>(v.d, #type);               \
      |              ^
In file included from /home/yanchun/Projects/exl3xpu/csrc/exl3_ops.sycl:3:
In file included from /home/yanchun/Projects/vllm.xpu/.venv/lib/python3.12/site-packages/torch/include/torch/csrc/api/include/torch/all.h:8:
In file included from /home/yanchun/Projects/vllm.xpu/.venv/lib/python3.12/site-packages/torch/include/torch/csrc/api/include/torch/autograd.h:4:
In file included from /home/yanchun/Projects/vllm.xpu/.venv/lib/python3.12/site-packages/torch/include/torch/csrc/autograd/autograd.h:4:
In file included from /home/yanchun/Projects/vllm.xpu/.venv/lib/python3.12/site-packages/torch/include/torch/csrc/autograd/variable.h:7:
In file included from /home/yanchun/Projects/vllm.xpu/.venv/lib/python3.12/site-packages/torch/include/torch/csrc/autograd/cpp_hook.h:3:
In file included from /home/yanchun/Projects/vllm.xpu/.venv/lib/python3.12/site-packages/torch/include/torch/csrc/autograd/function_hook.h:4:
In file included from /home/yanchun/Projects/vllm.xpu/.venv/lib/python3.12/site-packages/torch/include/ATen/Tensor.h:4:
In file included from /home/yanchun/Projects/vllm.xpu/.venv/lib/python3.12/site-packages/torch/include/ATen/core/Tensor.h:4:
In file included from /home/yanchun/Projects/vllm.xpu/.venv/lib/python3.12/site-packages/torch/include/ATen/core/TensorBody.h:17:
In file included from /home/yanchun/Projects/vllm.xpu/.venv/lib/python3.12/site-packages/torch/include/c10/core/Scalar.h:19:
In file included from /home/yanchun/Projects/vllm.xpu/.venv/lib/python3.12/site-packages/torch/include/c10/util/TypeCast.h:12:
/home/yanchun/Projects/vllm.xpu/.venv/lib/python3.12/site-packages/torch/include/c10/util/overflows.h:66:30: warning: use of infinity is undefined behavior due to the currently enabled floating-point options [-Wnan-infinity-disabled]
   66 |   if (limit::has_infinity && std::isinf(static_cast<double>(f))) {
      |                              ^~~~~~~~~~~~~~~~~~~~~~~~~~~~~~~~~~
/home/yanchun/Projects/vllm.xpu/.venv/lib/python3.12/site-packages/torch/include/c10/util/TypeCast.h:197:36: note: in instantiation of function template specialization 'c10::overflows<c10::Float8_e5m2, double>' requested here
  197 |   if (!std::is_same_v<To, bool> && overflows<To, From>(f)) {
      |                                    ^
/home/yanchun/Projects/vllm.xpu/.venv/lib/python3.12/site-packages/torch/include/c10/core/Scalar.h:141:39: note: in instantiation of function template specialization 'c10::checked_convert<c10::Float8_e5m2, double>' requested here
  141 |   AT_FORALL_SCALAR_TYPES_WITH_COMPLEX(DEFINE_ACCESSOR)
      |                                       ^
/home/yanchun/Projects/vllm.xpu/.venv/lib/python3.12/site-packages/torch/include/torch/headeronly/core/ScalarType.h:95:3: note: expanded from macro 'AT_FORALL_SCALAR_TYPES_WITH_COMPLEX'
   95 |   _(c10::Float8_e5m2, Float8_e5m2)             \
      |   ^
/home/yanchun/Projects/vllm.xpu/.venv/lib/python3.12/site-packages/torch/include/c10/core/Scalar.h:117:14: note: expanded from macro 'DEFINE_ACCESSOR'
  117 |       return checked_convert<type, double>(v.d, #type);               \
      |              ^
In file included from /home/yanchun/Projects/exl3xpu/csrc/exl3_ops.sycl:3:
In file included from /home/yanchun/Projects/vllm.xpu/.venv/lib/python3.12/site-packages/torch/include/torch/csrc/api/include/torch/all.h:8:
In file included from /home/yanchun/Projects/vllm.xpu/.venv/lib/python3.12/site-packages/torch/include/torch/csrc/api/include/torch/autograd.h:4:
In file included from /home/yanchun/Projects/vllm.xpu/.venv/lib/python3.12/site-packages/torch/include/torch/csrc/autograd/autograd.h:4:
In file included from /home/yanchun/Projects/vllm.xpu/.venv/lib/python3.12/site-packages/torch/include/torch/csrc/autograd/variable.h:7:
In file included from /home/yanchun/Projects/vllm.xpu/.venv/lib/python3.12/site-packages/torch/include/torch/csrc/autograd/cpp_hook.h:3:
In file included from /home/yanchun/Projects/vllm.xpu/.venv/lib/python3.12/site-packages/torch/include/torch/csrc/autograd/function_hook.h:4:
In file included from /home/yanchun/Projects/vllm.xpu/.venv/lib/python3.12/site-packages/torch/include/ATen/Tensor.h:4:
In file included from /home/yanchun/Projects/vllm.xpu/.venv/lib/python3.12/site-packages/torch/include/ATen/core/Tensor.h:4:
In file included from /home/yanchun/Projects/vllm.xpu/.venv/lib/python3.12/site-packages/torch/include/ATen/core/TensorBody.h:17:
In file included from /home/yanchun/Projects/vllm.xpu/.venv/lib/python3.12/site-packages/torch/include/c10/core/Scalar.h:19:
In file included from /home/yanchun/Projects/vllm.xpu/.venv/lib/python3.12/site-packages/torch/include/c10/util/TypeCast.h:12:
/home/yanchun/Projects/vllm.xpu/.venv/lib/python3.12/site-packages/torch/include/c10/util/overflows.h:66:30: warning: use of infinity is undefined behavior due to the currently enabled floating-point options [-Wnan-infinity-disabled]
   66 |   if (limit::has_infinity && std::isinf(static_cast<double>(f))) {
      |                              ^~~~~~~~~~~~~~~~~~~~~~~~~~~~~~~~~~
/home/yanchun/Projects/vllm.xpu/.venv/lib/python3.12/site-packages/torch/include/c10/util/TypeCast.h:197:36: note: in instantiation of function template specialization 'c10::overflows<c10::Float8_e4m3fn, double>' requested here
  197 |   if (!std::is_same_v<To, bool> && overflows<To, From>(f)) {
      |                                    ^
/home/yanchun/Projects/vllm.xpu/.venv/lib/python3.12/site-packages/torch/include/c10/core/Scalar.h:141:39: note: in instantiation of function template specialization 'c10::checked_convert<c10::Float8_e4m3fn, double>' requested here
  141 |   AT_FORALL_SCALAR_TYPES_WITH_COMPLEX(DEFINE_ACCESSOR)
      |                                       ^
/home/yanchun/Projects/vllm.xpu/.venv/lib/python3.12/site-packages/torch/include/torch/headeronly/core/ScalarType.h:96:3: note: expanded from macro 'AT_FORALL_SCALAR_TYPES_WITH_COMPLEX'
   96 |   _(c10::Float8_e4m3fn, Float8_e4m3fn)         \
      |   ^
/home/yanchun/Projects/vllm.xpu/.venv/lib/python3.12/site-packages/torch/include/c10/core/Scalar.h:117:14: note: expanded from macro 'DEFINE_ACCESSOR'
  117 |       return checked_convert<type, double>(v.d, #type);               \
      |              ^
In file included from /home/yanchun/Projects/exl3xpu/csrc/exl3_ops.sycl:3:
In file included from /home/yanchun/Projects/vllm.xpu/.venv/lib/python3.12/site-packages/torch/include/torch/csrc/api/include/torch/all.h:8:
In file included from /home/yanchun/Projects/vllm.xpu/.venv/lib/python3.12/site-packages/torch/include/torch/csrc/api/include/torch/autograd.h:4:
In file included from /home/yanchun/Projects/vllm.xpu/.venv/lib/python3.12/site-packages/torch/include/torch/csrc/autograd/autograd.h:4:
In file included from /home/yanchun/Projects/vllm.xpu/.venv/lib/python3.12/site-packages/torch/include/torch/csrc/autograd/variable.h:7:
In file included from /home/yanchun/Projects/vllm.xpu/.venv/lib/python3.12/site-packages/torch/include/torch/csrc/autograd/cpp_hook.h:3:
In file included from /home/yanchun/Projects/vllm.xpu/.venv/lib/python3.12/site-packages/torch/include/torch/csrc/autograd/function_hook.h:4:
In file included from /home/yanchun/Projects/vllm.xpu/.venv/lib/python3.12/site-packages/torch/include/ATen/Tensor.h:4:
In file included from /home/yanchun/Projects/vllm.xpu/.venv/lib/python3.12/site-packages/torch/include/ATen/core/Tensor.h:4:
In file included from /home/yanchun/Projects/vllm.xpu/.venv/lib/python3.12/site-packages/torch/include/ATen/core/TensorBody.h:17:
In file included from /home/yanchun/Projects/vllm.xpu/.venv/lib/python3.12/site-packages/torch/include/c10/core/Scalar.h:19:
In file included from /home/yanchun/Projects/vllm.xpu/.venv/lib/python3.12/site-packages/torch/include/c10/util/TypeCast.h:12:
/home/yanchun/Projects/vllm.xpu/.venv/lib/python3.12/site-packages/torch/include/c10/util/overflows.h:66:30: warning: use of infinity is undefined behavior due to the currently enabled floating-point options [-Wnan-infinity-disabled]
   66 |   if (limit::has_infinity && std::isinf(static_cast<double>(f))) {
      |                              ^~~~~~~~~~~~~~~~~~~~~~~~~~~~~~~~~~
/home/yanchun/Projects/vllm.xpu/.venv/lib/python3.12/site-packages/torch/include/c10/util/TypeCast.h:197:36: note: in instantiation of function template specialization 'c10::overflows<c10::Float8_e5m2fnuz, double>' requested here
  197 |   if (!std::is_same_v<To, bool> && overflows<To, From>(f)) {
      |                                    ^
/home/yanchun/Projects/vllm.xpu/.venv/lib/python3.12/site-packages/torch/include/c10/core/Scalar.h:141:39: note: in instantiation of function template specialization 'c10::checked_convert<c10::Float8_e5m2fnuz, double>' requested here
  141 |   AT_FORALL_SCALAR_TYPES_WITH_COMPLEX(DEFINE_ACCESSOR)
      |                                       ^
/home/yanchun/Projects/vllm.xpu/.venv/lib/python3.12/site-packages/torch/include/torch/headeronly/core/ScalarType.h:97:3: note: expanded from macro 'AT_FORALL_SCALAR_TYPES_WITH_COMPLEX'
   97 |   _(c10::Float8_e5m2fnuz, Float8_e5m2fnuz)     \
      |   ^
/home/yanchun/Projects/vllm.xpu/.venv/lib/python3.12/site-packages/torch/include/c10/core/Scalar.h:117:14: note: expanded from macro 'DEFINE_ACCESSOR'
  117 |       return checked_convert<type, double>(v.d, #type);               \
      |              ^
In file included from /home/yanchun/Projects/exl3xpu/csrc/exl3_ops.sycl:3:
In file included from /home/yanchun/Projects/vllm.xpu/.venv/lib/python3.12/site-packages/torch/include/torch/csrc/api/include/torch/all.h:8:
In file included from /home/yanchun/Projects/vllm.xpu/.venv/lib/python3.12/site-packages/torch/include/torch/csrc/api/include/torch/autograd.h:4:
In file included from /home/yanchun/Projects/vllm.xpu/.venv/lib/python3.12/site-packages/torch/include/torch/csrc/autograd/autograd.h:4:
In file included from /home/yanchun/Projects/vllm.xpu/.venv/lib/python3.12/site-packages/torch/include/torch/csrc/autograd/variable.h:7:
In file included from /home/yanchun/Projects/vllm.xpu/.venv/lib/python3.12/site-packages/torch/include/torch/csrc/autograd/cpp_hook.h:3:
In file included from /home/yanchun/Projects/vllm.xpu/.venv/lib/python3.12/site-packages/torch/include/torch/csrc/autograd/function_hook.h:4:
In file included from /home/yanchun/Projects/vllm.xpu/.venv/lib/python3.12/site-packages/torch/include/ATen/Tensor.h:4:
In file included from /home/yanchun/Projects/vllm.xpu/.venv/lib/python3.12/site-packages/torch/include/ATen/core/Tensor.h:4:
In file included from /home/yanchun/Projects/vllm.xpu/.venv/lib/python3.12/site-packages/torch/include/ATen/core/TensorBody.h:17:
In file included from /home/yanchun/Projects/vllm.xpu/.venv/lib/python3.12/site-packages/torch/include/c10/core/Scalar.h:19:
In file included from /home/yanchun/Projects/vllm.xpu/.venv/lib/python3.12/site-packages/torch/include/c10/util/TypeCast.h:12:
/home/yanchun/Projects/vllm.xpu/.venv/lib/python3.12/site-packages/torch/include/c10/util/overflows.h:66:30: warning: use of infinity is undefined behavior due to the currently enabled floating-point options [-Wnan-infinity-disabled]
   66 |   if (limit::has_infinity && std::isinf(static_cast<double>(f))) {
      |                              ^~~~~~~~~~~~~~~~~~~~~~~~~~~~~~~~~~
/home/yanchun/Projects/vllm.xpu/.venv/lib/python3.12/site-packages/torch/include/c10/util/TypeCast.h:197:36: note: in instantiation of function template specialization 'c10::overflows<c10::Float8_e4m3fnuz, double>' requested here
  197 |   if (!std::is_same_v<To, bool> && overflows<To, From>(f)) {
      |                                    ^
/home/yanchun/Projects/vllm.xpu/.venv/lib/python3.12/site-packages/torch/include/c10/core/Scalar.h:141:39: note: in instantiation of function template specialization 'c10::checked_convert<c10::Float8_e4m3fnuz, double>' requested here
  141 |   AT_FORALL_SCALAR_TYPES_WITH_COMPLEX(DEFINE_ACCESSOR)
      |                                       ^
/home/yanchun/Projects/vllm.xpu/.venv/lib/python3.12/site-packages/torch/include/torch/headeronly/core/ScalarType.h:98:3: note: expanded from macro 'AT_FORALL_SCALAR_TYPES_WITH_COMPLEX'
   98 |   _(c10::Float8_e4m3fnuz, Float8_e4m3fnuz)     \
      |   ^
/home/yanchun/Projects/vllm.xpu/.venv/lib/python3.12/site-packages/torch/include/c10/core/Scalar.h:117:14: note: expanded from macro 'DEFINE_ACCESSOR'
  117 |       return checked_convert<type, double>(v.d, #type);               \
      |              ^
In file included from /home/yanchun/Projects/exl3xpu/csrc/exl3_ops.sycl:3:
In file included from /home/yanchun/Projects/vllm.xpu/.venv/lib/python3.12/site-packages/torch/include/torch/csrc/api/include/torch/all.h:8:
In file included from /home/yanchun/Projects/vllm.xpu/.venv/lib/python3.12/site-packages/torch/include/torch/csrc/api/include/torch/autograd.h:4:
In file included from /home/yanchun/Projects/vllm.xpu/.venv/lib/python3.12/site-packages/torch/include/torch/csrc/autograd/autograd.h:4:
In file included from /home/yanchun/Projects/vllm.xpu/.venv/lib/python3.12/site-packages/torch/include/torch/csrc/autograd/variable.h:7:
In file included from /home/yanchun/Projects/vllm.xpu/.venv/lib/python3.12/site-packages/torch/include/torch/csrc/autograd/cpp_hook.h:3:
In file included from /home/yanchun/Projects/vllm.xpu/.venv/lib/python3.12/site-packages/torch/include/torch/csrc/autograd/function_hook.h:4:
In file included from /home/yanchun/Projects/vllm.xpu/.venv/lib/python3.12/site-packages/torch/include/ATen/Tensor.h:4:
In file included from /home/yanchun/Projects/vllm.xpu/.venv/lib/python3.12/site-packages/torch/include/ATen/core/Tensor.h:4:
In file included from /home/yanchun/Projects/vllm.xpu/.venv/lib/python3.12/site-packages/torch/include/ATen/core/TensorBody.h:17:
In file included from /home/yanchun/Projects/vllm.xpu/.venv/lib/python3.12/site-packages/torch/include/c10/core/Scalar.h:19:
In file included from /home/yanchun/Projects/vllm.xpu/.venv/lib/python3.12/site-packages/torch/include/c10/util/TypeCast.h:12:
/home/yanchun/Projects/vllm.xpu/.venv/lib/python3.12/site-packages/torch/include/c10/util/overflows.h:66:30: warning: use of infinity is undefined behavior due to the currently enabled floating-point options [-Wnan-infinity-disabled]
   66 |   if (limit::has_infinity && std::isinf(static_cast<double>(f))) {
      |                              ^~~~~~~~~~~~~~~~~~~~~~~~~~~~~~~~~~
/home/yanchun/Projects/vllm.xpu/.venv/lib/python3.12/site-packages/torch/include/c10/util/TypeCast.h:197:36: note: in instantiation of function template specialization 'c10::overflows<c10::Float8_e8m0fnu, double>' requested here
  197 |   if (!std::is_same_v<To, bool> && overflows<To, From>(f)) {
      |                                    ^
/home/yanchun/Projects/vllm.xpu/.venv/lib/python3.12/site-packages/torch/include/c10/core/Scalar.h:141:39: note: in instantiation of function template specialization 'c10::checked_convert<c10::Float8_e8m0fnu, double>' requested here
  141 |   AT_FORALL_SCALAR_TYPES_WITH_COMPLEX(DEFINE_ACCESSOR)
      |                                       ^
/home/yanchun/Projects/vllm.xpu/.venv/lib/python3.12/site-packages/torch/include/torch/headeronly/core/ScalarType.h:99:3: note: expanded from macro 'AT_FORALL_SCALAR_TYPES_WITH_COMPLEX'
   99 |   _(c10::Float8_e8m0fnu, Float8_e8m0fnu)
      |   ^
/home/yanchun/Projects/vllm.xpu/.venv/lib/python3.12/site-packages/torch/include/c10/core/Scalar.h:117:14: note: expanded from macro 'DEFINE_ACCESSOR'
  117 |       return checked_convert<type, double>(v.d, #type);               \
      |              ^
In file included from /home/yanchun/Projects/exl3xpu/csrc/exl3_ops.sycl:3:
In file included from /home/yanchun/Projects/vllm.xpu/.venv/lib/python3.12/site-packages/torch/include/torch/csrc/api/include/torch/all.h:8:
In file included from /home/yanchun/Projects/vllm.xpu/.venv/lib/python3.12/site-packages/torch/include/torch/csrc/api/include/torch/autograd.h:4:
In file included from /home/yanchun/Projects/vllm.xpu/.venv/lib/python3.12/site-packages/torch/include/torch/csrc/autograd/autograd.h:4:
In file included from /home/yanchun/Projects/vllm.xpu/.venv/lib/python3.12/site-packages/torch/include/torch/csrc/autograd/variable.h:7:
In file included from /home/yanchun/Projects/vllm.xpu/.venv/lib/python3.12/site-packages/torch/include/torch/csrc/autograd/cpp_hook.h:3:
In file included from /home/yanchun/Projects/vllm.xpu/.venv/lib/python3.12/site-packages/torch/include/torch/csrc/autograd/function_hook.h:4:
In file included from /home/yanchun/Projects/vllm.xpu/.venv/lib/python3.12/site-packages/torch/include/ATen/Tensor.h:4:
In file included from /home/yanchun/Projects/vllm.xpu/.venv/lib/python3.12/site-packages/torch/include/ATen/core/Tensor.h:4:
In file included from /home/yanchun/Projects/vllm.xpu/.venv/lib/python3.12/site-packages/torch/include/ATen/core/TensorBody.h:17:
In file included from /home/yanchun/Projects/vllm.xpu/.venv/lib/python3.12/site-packages/torch/include/c10/core/Scalar.h:19:
In file included from /home/yanchun/Projects/vllm.xpu/.venv/lib/python3.12/site-packages/torch/include/c10/util/TypeCast.h:12:
/home/yanchun/Projects/vllm.xpu/.venv/lib/python3.12/site-packages/torch/include/c10/util/overflows.h:66:30: warning: use of infinity is undefined behavior due to the currently enabled floating-point options [-Wnan-infinity-disabled]
   66 |   if (limit::has_infinity && std::isinf(static_cast<double>(f))) {
      |                              ^~~~~~~~~~~~~~~~~~~~~~~~~~~~~~~~~~
/home/yanchun/Projects/vllm.xpu/.venv/lib/python3.12/site-packages/torch/include/c10/util/TypeCast.h:197:36: note: in instantiation of function template specialization 'c10::overflows<unsigned short, double>' requested here
  197 |   if (!std::is_same_v<To, bool> && overflows<To, From>(f)) {
      |                                    ^
/home/yanchun/Projects/vllm.xpu/.venv/lib/python3.12/site-packages/torch/include/c10/core/Scalar.h:142:3: note: in instantiation of function template specialization 'c10::checked_convert<unsigned short, double>' requested here
  142 |   DEFINE_ACCESSOR(uint16_t, UInt16)
      |   ^
/home/yanchun/Projects/vllm.xpu/.venv/lib/python3.12/site-packages/torch/include/c10/core/Scalar.h:117:14: note: expanded from macro 'DEFINE_ACCESSOR'
  117 |       return checked_convert<type, double>(v.d, #type);               \
      |              ^
In file included from /home/yanchun/Projects/exl3xpu/csrc/exl3_ops.sycl:3:
In file included from /home/yanchun/Projects/vllm.xpu/.venv/lib/python3.12/site-packages/torch/include/torch/csrc/api/include/torch/all.h:8:
In file included from /home/yanchun/Projects/vllm.xpu/.venv/lib/python3.12/site-packages/torch/include/torch/csrc/api/include/torch/autograd.h:4:
In file included from /home/yanchun/Projects/vllm.xpu/.venv/lib/python3.12/site-packages/torch/include/torch/csrc/autograd/autograd.h:4:
In file included from /home/yanchun/Projects/vllm.xpu/.venv/lib/python3.12/site-packages/torch/include/torch/csrc/autograd/variable.h:7:
In file included from /home/yanchun/Projects/vllm.xpu/.venv/lib/python3.12/site-packages/torch/include/torch/csrc/autograd/cpp_hook.h:3:
In file included from /home/yanchun/Projects/vllm.xpu/.venv/lib/python3.12/site-packages/torch/include/torch/csrc/autograd/function_hook.h:4:
In file included from /home/yanchun/Projects/vllm.xpu/.venv/lib/python3.12/site-packages/torch/include/ATen/Tensor.h:4:
In file included from /home/yanchun/Projects/vllm.xpu/.venv/lib/python3.12/site-packages/torch/include/ATen/core/Tensor.h:4:
In file included from /home/yanchun/Projects/vllm.xpu/.venv/lib/python3.12/site-packages/torch/include/ATen/core/TensorBody.h:17:
In file included from /home/yanchun/Projects/vllm.xpu/.venv/lib/python3.12/site-packages/torch/include/c10/core/Scalar.h:19:
In file included from /home/yanchun/Projects/vllm.xpu/.venv/lib/python3.12/site-packages/torch/include/c10/util/TypeCast.h:12:
/home/yanchun/Projects/vllm.xpu/.venv/lib/python3.12/site-packages/torch/include/c10/util/overflows.h:66:30: warning: use of infinity is undefined behavior due to the currently enabled floating-point options [-Wnan-infinity-disabled]
   66 |   if (limit::has_infinity && std::isinf(static_cast<double>(f))) {
      |                              ^~~~~~~~~~~~~~~~~~~~~~~~~~~~~~~~~~
/home/yanchun/Projects/vllm.xpu/.venv/lib/python3.12/site-packages/torch/include/c10/util/TypeCast.h:197:36: note: in instantiation of function template specialization 'c10::overflows<unsigned int, double>' requested here
  197 |   if (!std::is_same_v<To, bool> && overflows<To, From>(f)) {
      |                                    ^
/home/yanchun/Projects/vllm.xpu/.venv/lib/python3.12/site-packages/torch/include/c10/core/Scalar.h:143:3: note: in instantiation of function template specialization 'c10::checked_convert<unsigned int, double>' requested here
  143 |   DEFINE_ACCESSOR(uint32_t, UInt32)
      |   ^
/home/yanchun/Projects/vllm.xpu/.venv/lib/python3.12/site-packages/torch/include/c10/core/Scalar.h:117:14: note: expanded from macro 'DEFINE_ACCESSOR'
  117 |       return checked_convert<type, double>(v.d, #type);               \
      |              ^
In file included from /home/yanchun/Projects/exl3xpu/csrc/exl3_ops.sycl:3:
In file included from /home/yanchun/Projects/vllm.xpu/.venv/lib/python3.12/site-packages/torch/include/torch/csrc/api/include/torch/all.h:8:
In file included from /home/yanchun/Projects/vllm.xpu/.venv/lib/python3.12/site-packages/torch/include/torch/csrc/api/include/torch/autograd.h:4:
In file included from /home/yanchun/Projects/vllm.xpu/.venv/lib/python3.12/site-packages/torch/include/torch/csrc/autograd/autograd.h:4:
In file included from /home/yanchun/Projects/vllm.xpu/.venv/lib/python3.12/site-packages/torch/include/torch/csrc/autograd/variable.h:7:
In file included from /home/yanchun/Projects/vllm.xpu/.venv/lib/python3.12/site-packages/torch/include/torch/csrc/autograd/cpp_hook.h:3:
In file included from /home/yanchun/Projects/vllm.xpu/.venv/lib/python3.12/site-packages/torch/include/torch/csrc/autograd/function_hook.h:4:
In file included from /home/yanchun/Projects/vllm.xpu/.venv/lib/python3.12/site-packages/torch/include/ATen/Tensor.h:4:
In file included from /home/yanchun/Projects/vllm.xpu/.venv/lib/python3.12/site-packages/torch/include/ATen/core/Tensor.h:4:
In file included from /home/yanchun/Projects/vllm.xpu/.venv/lib/python3.12/site-packages/torch/include/ATen/core/TensorBody.h:17:
In file included from /home/yanchun/Projects/vllm.xpu/.venv/lib/python3.12/site-packages/torch/include/c10/core/Scalar.h:19:
In file included from /home/yanchun/Projects/vllm.xpu/.venv/lib/python3.12/site-packages/torch/include/c10/util/TypeCast.h:12:
/home/yanchun/Projects/vllm.xpu/.venv/lib/python3.12/site-packages/torch/include/c10/util/overflows.h:66:30: warning: use of infinity is undefined behavior due to the currently enabled floating-point options [-Wnan-infinity-disabled]
   66 |   if (limit::has_infinity && std::isinf(static_cast<double>(f))) {
      |                              ^~~~~~~~~~~~~~~~~~~~~~~~~~~~~~~~~~
/home/yanchun/Projects/vllm.xpu/.venv/lib/python3.12/site-packages/torch/include/c10/util/TypeCast.h:197:36: note: in instantiation of function template specialization 'c10::overflows<unsigned long, double>' requested here
  197 |   if (!std::is_same_v<To, bool> && overflows<To, From>(f)) {
      |                                    ^
/home/yanchun/Projects/vllm.xpu/.venv/lib/python3.12/site-packages/torch/include/c10/core/Scalar.h:144:3: note: in instantiation of function template specialization 'c10::checked_convert<unsigned long, double>' requested here
  144 |   DEFINE_ACCESSOR(uint64_t, UInt64)
      |   ^
/home/yanchun/Projects/vllm.xpu/.venv/lib/python3.12/site-packages/torch/include/c10/core/Scalar.h:117:14: note: expanded from macro 'DEFINE_ACCESSOR'
  117 |       return checked_convert<type, double>(v.d, #type);               \
      |              ^
/home/yanchun/Projects/exl3xpu/csrc/exl3_ops.sycl:122:44: warning: 'parallel_for' is deprecated: To specify properties, use a launch configuration object of type launch_config or a kernel functor with a get(sycl::ext::oneapi::experimental::properties_tag) member function instead. [-Wdeprecated-declarations]
  122 |         q.submit([&](sycl::handler& h) { h.parallel_for(sycl::nd_range<1>(round_up(n, local), local), props, k); });
      |                                            ^
/home/yanchun/Projects/exl3xpu/csrc/exl3_ops.sycl:122:40: note: while substituting into a lambda expression here
  122 |         q.submit([&](sycl::handler& h) { h.parallel_for(sycl::nd_range<1>(round_up(n, local), local), props, k); });
      |                                        ^
/home/yanchun/Projects/exl3xpu/csrc/exl3_ops.sycl:157:18: note: in instantiation of function template specialization 'launch_dpas<4, 2, 40, 2>' requested here
  157 |         case 40: launch_dpas<K, CB, 40, 2>(xh, tr, shard, part, M, Kdim, N, P, rps, q); return true;
      |                  ^
/home/yanchun/Projects/exl3xpu/csrc/exl3_ops.sycl:324:5: note: in instantiation of function template specialization 'dispatch_dpas<4, 2>' requested here
  324 |     EXL3_CASE(4, 2) EXL3_CASE(6, 2)
      |     ^
/home/yanchun/Projects/exl3xpu/csrc/exl3_ops.sycl:323:45: note: expanded from macro 'EXL3_CASE'
  323 |                                           : dispatch_dpas<KK, CC>(MB, xh, trellis, shard_of_nb, part, M, Kdim, N, P, rps, q);
      |                                             ^
/opt/intel/oneapi/compiler/2026.0/bin/compiler/../../include/sycl/handler.hpp:1542:28: note: 'parallel_for' has been explicitly marked deprecated here
 1542 |       PropertiesT>::value> parallel_for(nd_range<Dims> Range,
      |                            ^
/home/yanchun/Projects/exl3xpu/csrc/exl3_ops.sycl:122:44: warning: 'parallel_for<sycl::detail::auto_name, exl3::DpasKernel<4, 2, 40, 2>, sycl::ext::oneapi::experimental::properties<sycl::ext::oneapi::experimental::detail::properties_type_list<sycl::ext::oneapi::experimental::property_value<sycl::ext::intel::experimental::grf_size_key, std::integral_constant<unsigned int, 256>>>>, 1>' is deprecated: To specify properties, use a launch configuration object of type launch_config or a kernel functor with a get(sycl::ext::oneapi::experimental::properties_tag) member function instead. [-Wdeprecated-declarations]
  122 |         q.submit([&](sycl::handler& h) { h.parallel_for(sycl::nd_range<1>(round_up(n, local), local), props, k); });
      |                                            ^
/opt/intel/oneapi/compiler/2026.0/bin/compiler/../../include/sycl/handler.hpp:1537:3: note: 'parallel_for<sycl::detail::auto_name, exl3::DpasKernel<4, 2, 40, 2>, sycl::ext::oneapi::experimental::properties<sycl::ext::oneapi::experimental::detail::properties_type_list<sycl::ext::oneapi::experimental::property_value<sycl::ext::intel::experimental::grf_size_key, std::integral_constant<unsigned int, 256>>>>, 1>' has been explicitly marked deprecated here
 1537 |   __SYCL_DEPRECATED("To specify properties, use a launch configuration object "
      |   ^
/opt/intel/oneapi/compiler/2026.0/bin/compiler/../../include/sycl/detail/defines_elementary.hpp:62:38: note: expanded from macro '__SYCL_DEPRECATED'
   62 | #define __SYCL_DEPRECATED(message) [[deprecated(message)]]
      |                                      ^
/home/yanchun/Projects/exl3xpu/csrc/exl3_ops.sycl:122:44: warning: 'parallel_for' is deprecated: To specify properties, use a launch configuration object of type launch_config or a kernel functor with a get(sycl::ext::oneapi::experimental::properties_tag) member function instead. [-Wdeprecated-declarations]
  122 |         q.submit([&](sycl::handler& h) { h.parallel_for(sycl::nd_range<1>(round_up(n, local), local), props, k); });
      |                                            ^
/home/yanchun/Projects/exl3xpu/csrc/exl3_ops.sycl:122:40: note: while substituting into a lambda expression here
  122 |         q.submit([&](sycl::handler& h) { h.parallel_for(sycl::nd_range<1>(round_up(n, local), local), props, k); });
      |                                        ^
/home/yanchun/Projects/exl3xpu/csrc/exl3_ops.sycl:158:18: note: in instantiation of function template specialization 'launch_dpas<4, 2, 48, 2>' requested here
  158 |         case 48: launch_dpas<K, CB, 48, 2>(xh, tr, shard, part, M, Kdim, N, P, rps, q); return true;
      |                  ^
/home/yanchun/Projects/exl3xpu/csrc/exl3_ops.sycl:324:5: note: in instantiation of function template specialization 'dispatch_dpas<4, 2>' requested here
  324 |     EXL3_CASE(4, 2) EXL3_CASE(6, 2)
      |     ^
/home/yanchun/Projects/exl3xpu/csrc/exl3_ops.sycl:323:45: note: expanded from macro 'EXL3_CASE'
  323 |                                           : dispatch_dpas<KK, CC>(MB, xh, trellis, shard_of_nb, part, M, Kdim, N, P, rps, q);
      |                                             ^
/opt/intel/oneapi/compiler/2026.0/bin/compiler/../../include/sycl/handler.hpp:1542:28: note: 'parallel_for' has been explicitly marked deprecated here
 1542 |       PropertiesT>::value> parallel_for(nd_range<Dims> Range,
      |                            ^
/home/yanchun/Projects/exl3xpu/csrc/exl3_ops.sycl:122:44: warning: 'parallel_for<sycl::detail::auto_name, exl3::DpasKernel<4, 2, 48, 2>, sycl::ext::oneapi::experimental::properties<sycl::ext::oneapi::experimental::detail::properties_type_list<sycl::ext::oneapi::experimental::property_value<sycl::ext::intel::experimental::grf_size_key, std::integral_constant<unsigned int, 256>>>>, 1>' is deprecated: To specify properties, use a launch configuration object of type launch_config or a kernel functor with a get(sycl::ext::oneapi::experimental::properties_tag) member function instead. [-Wdeprecated-declarations]
  122 |         q.submit([&](sycl::handler& h) { h.parallel_for(sycl::nd_range<1>(round_up(n, local), local), props, k); });
      |                                            ^
/opt/intel/oneapi/compiler/2026.0/bin/compiler/../../include/sycl/handler.hpp:1537:3: note: 'parallel_for<sycl::detail::auto_name, exl3::DpasKernel<4, 2, 48, 2>, sycl::ext::oneapi::experimental::properties<sycl::ext::oneapi::experimental::detail::properties_type_list<sycl::ext::oneapi::experimental::property_value<sycl::ext::intel::experimental::grf_size_key, std::integral_constant<unsigned int, 256>>>>, 1>' has been explicitly marked deprecated here
 1537 |   __SYCL_DEPRECATED("To specify properties, use a launch configuration object "
      |   ^
/opt/intel/oneapi/compiler/2026.0/bin/compiler/../../include/sycl/detail/defines_elementary.hpp:62:38: note: expanded from macro '__SYCL_DEPRECATED'
   62 | #define __SYCL_DEPRECATED(message) [[deprecated(message)]]
      |                                      ^
/home/yanchun/Projects/exl3xpu/csrc/exl3_ops.sycl:122:44: warning: 'parallel_for' is deprecated: To specify properties, use a launch configuration object of type launch_config or a kernel functor with a get(sycl::ext::oneapi::experimental::properties_tag) member function instead. [-Wdeprecated-declarations]
  122 |         q.submit([&](sycl::handler& h) { h.parallel_for(sycl::nd_range<1>(round_up(n, local), local), props, k); });
      |                                            ^
/home/yanchun/Projects/exl3xpu/csrc/exl3_ops.sycl:122:40: note: while substituting into a lambda expression here
  122 |         q.submit([&](sycl::handler& h) { h.parallel_for(sycl::nd_range<1>(round_up(n, local), local), props, k); });
      |                                        ^
/home/yanchun/Projects/exl3xpu/csrc/exl3_ops.sycl:163:18: note: in instantiation of function template specialization 'launch_dpas<4, 2, 64, 2>' requested here
  163 |         case 64: launch_dpas<K, CB, 64, EXL3_DPAS64_NT>(xh, tr, shard, part, M, Kdim, N, P, rps, q); return true;
      |                  ^
/home/yanchun/Projects/exl3xpu/csrc/exl3_ops.sycl:324:5: note: in instantiation of function template specialization 'dispatch_dpas<4, 2>' requested here
  324 |     EXL3_CASE(4, 2) EXL3_CASE(6, 2)
      |     ^
/home/yanchun/Projects/exl3xpu/csrc/exl3_ops.sycl:323:45: note: expanded from macro 'EXL3_CASE'
  323 |                                           : dispatch_dpas<KK, CC>(MB, xh, trellis, shard_of_nb, part, M, Kdim, N, P, rps, q);
      |                                             ^
/opt/intel/oneapi/compiler/2026.0/bin/compiler/../../include/sycl/handler.hpp:1542:28: note: 'parallel_for' has been explicitly marked deprecated here
 1542 |       PropertiesT>::value> parallel_for(nd_range<Dims> Range,
      |                            ^
/home/yanchun/Projects/exl3xpu/csrc/exl3_ops.sycl:122:44: warning: 'parallel_for<sycl::detail::auto_name, exl3::DpasKernel<4, 2, 64, 2>, sycl::ext::oneapi::experimental::properties<sycl::ext::oneapi::experimental::detail::properties_type_list<sycl::ext::oneapi::experimental::property_value<sycl::ext::intel::experimental::grf_size_key, std::integral_constant<unsigned int, 256>>>>, 1>' is deprecated: To specify properties, use a launch configuration object of type launch_config or a kernel functor with a get(sycl::ext::oneapi::experimental::properties_tag) member function instead. [-Wdeprecated-declarations]
  122 |         q.submit([&](sycl::handler& h) { h.parallel_for(sycl::nd_range<1>(round_up(n, local), local), props, k); });
      |                                            ^
/opt/intel/oneapi/compiler/2026.0/bin/compiler/../../include/sycl/handler.hpp:1537:3: note: 'parallel_for<sycl::detail::auto_name, exl3::DpasKernel<4, 2, 64, 2>, sycl::ext::oneapi::experimental::properties<sycl::ext::oneapi::experimental::detail::properties_type_list<sycl::ext::oneapi::experimental::property_value<sycl::ext::intel::experimental::grf_size_key, std::integral_constant<unsigned int, 256>>>>, 1>' has been explicitly marked deprecated here
 1537 |   __SYCL_DEPRECATED("To specify properties, use a launch configuration object "
      |   ^
/opt/intel/oneapi/compiler/2026.0/bin/compiler/../../include/sycl/detail/defines_elementary.hpp:62:38: note: expanded from macro '__SYCL_DEPRECATED'
   62 | #define __SYCL_DEPRECATED(message) [[deprecated(message)]]
      |                                      ^
/home/yanchun/Projects/exl3xpu/csrc/exl3_ops.sycl:122:44: warning: 'parallel_for' is deprecated: To specify properties, use a launch configuration object of type launch_config or a kernel functor with a get(sycl::ext::oneapi::experimental::properties_tag) member function instead. [-Wdeprecated-declarations]
  122 |         q.submit([&](sycl::handler& h) { h.parallel_for(sycl::nd_range<1>(round_up(n, local), local), props, k); });
      |                                            ^
/home/yanchun/Projects/exl3xpu/csrc/exl3_ops.sycl:122:40: note: while substituting into a lambda expression here
  122 |         q.submit([&](sycl::handler& h) { h.parallel_for(sycl::nd_range<1>(round_up(n, local), local), props, k); });
      |                                        ^
/home/yanchun/Projects/exl3xpu/csrc/exl3_ops.sycl:157:18: note: in instantiation of function template specialization 'launch_dpas<6, 2, 40, 2>' requested here
  157 |         case 40: launch_dpas<K, CB, 40, 2>(xh, tr, shard, part, M, Kdim, N, P, rps, q); return true;
      |                  ^
/home/yanchun/Projects/exl3xpu/csrc/exl3_ops.sycl:324:21: note: in instantiation of function template specialization 'dispatch_dpas<6, 2>' requested here
  324 |     EXL3_CASE(4, 2) EXL3_CASE(6, 2)
      |                     ^
/home/yanchun/Projects/exl3xpu/csrc/exl3_ops.sycl:323:45: note: expanded from macro 'EXL3_CASE'
  323 |                                           : dispatch_dpas<KK, CC>(MB, xh, trellis, shard_of_nb, part, M, Kdim, N, P, rps, q);
      |                                             ^
/opt/intel/oneapi/compiler/2026.0/bin/compiler/../../include/sycl/handler.hpp:1542:28: note: 'parallel_for' has been explicitly marked deprecated here
 1542 |       PropertiesT>::value> parallel_for(nd_range<Dims> Range,
      |                            ^
/home/yanchun/Projects/exl3xpu/csrc/exl3_ops.sycl:122:44: warning: 'parallel_for<sycl::detail::auto_name, exl3::DpasKernel<6, 2, 40, 2>, sycl::ext::oneapi::experimental::properties<sycl::ext::oneapi::experimental::detail::properties_type_list<sycl::ext::oneapi::experimental::property_value<sycl::ext::intel::experimental::grf_size_key, std::integral_constant<unsigned int, 256>>>>, 1>' is deprecated: To specify properties, use a launch configuration object of type launch_config or a kernel functor with a get(sycl::ext::oneapi::experimental::properties_tag) member function instead. [-Wdeprecated-declarations]
  122 |         q.submit([&](sycl::handler& h) { h.parallel_for(sycl::nd_range<1>(round_up(n, local), local), props, k); });
      |                                            ^
/opt/intel/oneapi/compiler/2026.0/bin/compiler/../../include/sycl/handler.hpp:1537:3: note: 'parallel_for<sycl::detail::auto_name, exl3::DpasKernel<6, 2, 40, 2>, sycl::ext::oneapi::experimental::properties<sycl::ext::oneapi::experimental::detail::properties_type_list<sycl::ext::oneapi::experimental::property_value<sycl::ext::intel::experimental::grf_size_key, std::integral_constant<unsigned int, 256>>>>, 1>' has been explicitly marked deprecated here
 1537 |   __SYCL_DEPRECATED("To specify properties, use a launch configuration object "
      |   ^
/opt/intel/oneapi/compiler/2026.0/bin/compiler/../../include/sycl/detail/defines_elementary.hpp:62:38: note: expanded from macro '__SYCL_DEPRECATED'
   62 | #define __SYCL_DEPRECATED(message) [[deprecated(message)]]
      |                                      ^
/home/yanchun/Projects/exl3xpu/csrc/exl3_ops.sycl:122:44: warning: 'parallel_for' is deprecated: To specify properties, use a launch configuration object of type launch_config or a kernel functor with a get(sycl::ext::oneapi::experimental::properties_tag) member function instead. [-Wdeprecated-declarations]
  122 |         q.submit([&](sycl::handler& h) { h.parallel_for(sycl::nd_range<1>(round_up(n, local), local), props, k); });
      |                                            ^
/home/yanchun/Projects/exl3xpu/csrc/exl3_ops.sycl:122:40: note: while substituting into a lambda expression here
  122 |         q.submit([&](sycl::handler& h) { h.parallel_for(sycl::nd_range<1>(round_up(n, local), local), props, k); });
      |                                        ^
/home/yanchun/Projects/exl3xpu/csrc/exl3_ops.sycl:158:18: note: in instantiation of function template specialization 'launch_dpas<6, 2, 48, 2>' requested here
  158 |         case 48: launch_dpas<K, CB, 48, 2>(xh, tr, shard, part, M, Kdim, N, P, rps, q); return true;
      |                  ^
/home/yanchun/Projects/exl3xpu/csrc/exl3_ops.sycl:324:21: note: in instantiation of function template specialization 'dispatch_dpas<6, 2>' requested here
  324 |     EXL3_CASE(4, 2) EXL3_CASE(6, 2)
      |                     ^
/home/yanchun/Projects/exl3xpu/csrc/exl3_ops.sycl:323:45: note: expanded from macro 'EXL3_CASE'
  323 |                                           : dispatch_dpas<KK, CC>(MB, xh, trellis, shard_of_nb, part, M, Kdim, N, P, rps, q);
      |                                             ^
/opt/intel/oneapi/compiler/2026.0/bin/compiler/../../include/sycl/handler.hpp:1542:28: note: 'parallel_for' has been explicitly marked deprecated here
 1542 |       PropertiesT>::value> parallel_for(nd_range<Dims> Range,
      |                            ^
/home/yanchun/Projects/exl3xpu/csrc/exl3_ops.sycl:122:44: warning: 'parallel_for<sycl::detail::auto_name, exl3::DpasKernel<6, 2, 48, 2>, sycl::ext::oneapi::experimental::properties<sycl::ext::oneapi::experimental::detail::properties_type_list<sycl::ext::oneapi::experimental::property_value<sycl::ext::intel::experimental::grf_size_key, std::integral_constant<unsigned int, 256>>>>, 1>' is deprecated: To specify properties, use a launch configuration object of type launch_config or a kernel functor with a get(sycl::ext::oneapi::experimental::properties_tag) member function instead. [-Wdeprecated-declarations]
  122 |         q.submit([&](sycl::handler& h) { h.parallel_for(sycl::nd_range<1>(round_up(n, local), local), props, k); });
      |                                            ^
/opt/intel/oneapi/compiler/2026.0/bin/compiler/../../include/sycl/handler.hpp:1537:3: note: 'parallel_for<sycl::detail::auto_name, exl3::DpasKernel<6, 2, 48, 2>, sycl::ext::oneapi::experimental::properties<sycl::ext::oneapi::experimental::detail::properties_type_list<sycl::ext::oneapi::experimental::property_value<sycl::ext::intel::experimental::grf_size_key, std::integral_constant<unsigned int, 256>>>>, 1>' has been explicitly marked deprecated here
 1537 |   __SYCL_DEPRECATED("To specify properties, use a launch configuration object "
      |   ^
/opt/intel/oneapi/compiler/2026.0/bin/compiler/../../include/sycl/detail/defines_elementary.hpp:62:38: note: expanded from macro '__SYCL_DEPRECATED'
   62 | #define __SYCL_DEPRECATED(message) [[deprecated(message)]]
      |                                      ^
/home/yanchun/Projects/exl3xpu/csrc/exl3_ops.sycl:122:44: warning: 'parallel_for' is deprecated: To specify properties, use a launch configuration object of type launch_config or a kernel functor with a get(sycl::ext::oneapi::experimental::properties_tag) member function instead. [-Wdeprecated-declarations]
  122 |         q.submit([&](sycl::handler& h) { h.parallel_for(sycl::nd_range<1>(round_up(n, local), local), props, k); });
      |                                            ^
/home/yanchun/Projects/exl3xpu/csrc/exl3_ops.sycl:122:40: note: while substituting into a lambda expression here
  122 |         q.submit([&](sycl::handler& h) { h.parallel_for(sycl::nd_range<1>(round_up(n, local), local), props, k); });
      |                                        ^
/home/yanchun/Projects/exl3xpu/csrc/exl3_ops.sycl:163:18: note: in instantiation of function template specialization 'launch_dpas<6, 2, 64, 2>' requested here
  163 |         case 64: launch_dpas<K, CB, 64, EXL3_DPAS64_NT>(xh, tr, shard, part, M, Kdim, N, P, rps, q); return true;
      |                  ^
/home/yanchun/Projects/exl3xpu/csrc/exl3_ops.sycl:324:21: note: in instantiation of function template specialization 'dispatch_dpas<6, 2>' requested here
  324 |     EXL3_CASE(4, 2) EXL3_CASE(6, 2)
      |                     ^
/home/yanchun/Projects/exl3xpu/csrc/exl3_ops.sycl:323:45: note: expanded from macro 'EXL3_CASE'
  323 |                                           : dispatch_dpas<KK, CC>(MB, xh, trellis, shard_of_nb, part, M, Kdim, N, P, rps, q);
      |                                             ^
/opt/intel/oneapi/compiler/2026.0/bin/compiler/../../include/sycl/handler.hpp:1542:28: note: 'parallel_for' has been explicitly marked deprecated here
 1542 |       PropertiesT>::value> parallel_for(nd_range<Dims> Range,
      |                            ^
/home/yanchun/Projects/exl3xpu/csrc/exl3_ops.sycl:122:44: warning: 'parallel_for<sycl::detail::auto_name, exl3::DpasKernel<6, 2, 64, 2>, sycl::ext::oneapi::experimental::properties<sycl::ext::oneapi::experimental::detail::properties_type_list<sycl::ext::oneapi::experimental::property_value<sycl::ext::intel::experimental::grf_size_key, std::integral_constant<unsigned int, 256>>>>, 1>' is deprecated: To specify properties, use a launch configuration object of type launch_config or a kernel functor with a get(sycl::ext::oneapi::experimental::properties_tag) member function instead. [-Wdeprecated-declarations]
  122 |         q.submit([&](sycl::handler& h) { h.parallel_for(sycl::nd_range<1>(round_up(n, local), local), props, k); });
      |                                            ^
/opt/intel/oneapi/compiler/2026.0/bin/compiler/../../include/sycl/handler.hpp:1537:3: note: 'parallel_for<sycl::detail::auto_name, exl3::DpasKernel<6, 2, 64, 2>, sycl::ext::oneapi::experimental::properties<sycl::ext::oneapi::experimental::detail::properties_type_list<sycl::ext::oneapi::experimental::property_value<sycl::ext::intel::experimental::grf_size_key, std::integral_constant<unsigned int, 256>>>>, 1>' has been explicitly marked deprecated here
 1537 |   __SYCL_DEPRECATED("To specify properties, use a launch configuration object "
      |   ^
/opt/intel/oneapi/compiler/2026.0/bin/compiler/../../include/sycl/detail/defines_elementary.hpp:62:38: note: expanded from macro '__SYCL_DEPRECATED'
   62 | #define __SYCL_DEPRECATED(message) [[deprecated(message)]]
      |                                      ^
/home/yanchun/Projects/exl3xpu/csrc/exl3_ops.sycl:122:44: warning: 'parallel_for' is deprecated: To specify properties, use a launch configuration object of type launch_config or a kernel functor with a get(sycl::ext::oneapi::experimental::properties_tag) member function instead. [-Wdeprecated-declarations]
  122 |         q.submit([&](sycl::handler& h) { h.parallel_for(sycl::nd_range<1>(round_up(n, local), local), props, k); });
      |                                            ^
/home/yanchun/Projects/exl3xpu/csrc/exl3_ops.sycl:122:40: note: while substituting into a lambda expression here
  122 |         q.submit([&](sycl::handler& h) { h.parallel_for(sycl::nd_range<1>(round_up(n, local), local), props, k); });
      |                                        ^
/home/yanchun/Projects/exl3xpu/csrc/exl3_ops.sycl:157:18: note: in instantiation of function template specialization 'launch_dpas<2, 2, 40, 2>' requested here
  157 |         case 40: launch_dpas<K, CB, 40, 2>(xh, tr, shard, part, M, Kdim, N, P, rps, q); return true;
      |                  ^
/home/yanchun/Projects/exl3xpu/csrc/exl3_ops.sycl:326:5: note: in instantiation of function template specialization 'dispatch_dpas<2, 2>' requested here
  326 |     EXL3_CASE(2, 2) EXL3_CASE(3, 2) EXL3_CASE(5, 2)
      |     ^
/home/yanchun/Projects/exl3xpu/csrc/exl3_ops.sycl:323:45: note: expanded from macro 'EXL3_CASE'
  323 |                                           : dispatch_dpas<KK, CC>(MB, xh, trellis, shard_of_nb, part, M, Kdim, N, P, rps, q);
      |                                             ^
/opt/intel/oneapi/compiler/2026.0/bin/compiler/../../include/sycl/handler.hpp:1542:28: note: 'parallel_for' has been explicitly marked deprecated here
 1542 |       PropertiesT>::value> parallel_for(nd_range<Dims> Range,
      |                            ^
/home/yanchun/Projects/exl3xpu/csrc/exl3_ops.sycl:122:44: warning: 'parallel_for<sycl::detail::auto_name, exl3::DpasKernel<2, 2, 40, 2>, sycl::ext::oneapi::experimental::properties<sycl::ext::oneapi::experimental::detail::properties_type_list<sycl::ext::oneapi::experimental::property_value<sycl::ext::intel::experimental::grf_size_key, std::integral_constant<unsigned int, 256>>>>, 1>' is deprecated: To specify properties, use a launch configuration object of type launch_config or a kernel functor with a get(sycl::ext::oneapi::experimental::properties_tag) member function instead. [-Wdeprecated-declarations]
  122 |         q.submit([&](sycl::handler& h) { h.parallel_for(sycl::nd_range<1>(round_up(n, local), local), props, k); });
      |                                            ^
/opt/intel/oneapi/compiler/2026.0/bin/compiler/../../include/sycl/handler.hpp:1537:3: note: 'parallel_for<sycl::detail::auto_name, exl3::DpasKernel<2, 2, 40, 2>, sycl::ext::oneapi::experimental::properties<sycl::ext::oneapi::experimental::detail::properties_type_list<sycl::ext::oneapi::experimental::property_value<sycl::ext::intel::experimental::grf_size_key, std::integral_constant<unsigned int, 256>>>>, 1>' has been explicitly marked deprecated here
 1537 |   __SYCL_DEPRECATED("To specify properties, use a launch configuration object "
      |   ^
/opt/intel/oneapi/compiler/2026.0/bin/compiler/../../include/sycl/detail/defines_elementary.hpp:62:38: note: expanded from macro '__SYCL_DEPRECATED'
   62 | #define __SYCL_DEPRECATED(message) [[deprecated(message)]]
      |                                      ^
/home/yanchun/Projects/exl3xpu/csrc/exl3_ops.sycl:122:44: warning: 'parallel_for' is deprecated: To specify properties, use a launch configuration object of type launch_config or a kernel functor with a get(sycl::ext::oneapi::experimental::properties_tag) member function instead. [-Wdeprecated-declarations]
  122 |         q.submit([&](sycl::handler& h) { h.parallel_for(sycl::nd_range<1>(round_up(n, local), local), props, k); });
      |                                            ^
/home/yanchun/Projects/exl3xpu/csrc/exl3_ops.sycl:122:40: note: while substituting into a lambda expression here
  122 |         q.submit([&](sycl::handler& h) { h.parallel_for(sycl::nd_range<1>(round_up(n, local), local), props, k); });
      |                                        ^
/home/yanchun/Projects/exl3xpu/csrc/exl3_ops.sycl:158:18: note: in instantiation of function template specialization 'launch_dpas<2, 2, 48, 2>' requested here
  158 |         case 48: launch_dpas<K, CB, 48, 2>(xh, tr, shard, part, M, Kdim, N, P, rps, q); return true;
      |                  ^
/home/yanchun/Projects/exl3xpu/csrc/exl3_ops.sycl:326:5: note: in instantiation of function template specialization 'dispatch_dpas<2, 2>' requested here
  326 |     EXL3_CASE(2, 2) EXL3_CASE(3, 2) EXL3_CASE(5, 2)
      |     ^
/home/yanchun/Projects/exl3xpu/csrc/exl3_ops.sycl:323:45: note: expanded from macro 'EXL3_CASE'
  323 |                                           : dispatch_dpas<KK, CC>(MB, xh, trellis, shard_of_nb, part, M, Kdim, N, P, rps, q);
      |                                             ^
/opt/intel/oneapi/compiler/2026.0/bin/compiler/../../include/sycl/handler.hpp:1542:28: note: 'parallel_for' has been explicitly marked deprecated here
 1542 |       PropertiesT>::value> parallel_for(nd_range<Dims> Range,
      |                            ^
/home/yanchun/Projects/exl3xpu/csrc/exl3_ops.sycl:122:44: warning: 'parallel_for<sycl::detail::auto_name, exl3::DpasKernel<2, 2, 48, 2>, sycl::ext::oneapi::experimental::properties<sycl::ext::oneapi::experimental::detail::properties_type_list<sycl::ext::oneapi::experimental::property_value<sycl::ext::intel::experimental::grf_size_key, std::integral_constant<unsigned int, 256>>>>, 1>' is deprecated: To specify properties, use a launch configuration object of type launch_config or a kernel functor with a get(sycl::ext::oneapi::experimental::properties_tag) member function instead. [-Wdeprecated-declarations]
  122 |         q.submit([&](sycl::handler& h) { h.parallel_for(sycl::nd_range<1>(round_up(n, local), local), props, k); });
      |                                            ^
/opt/intel/oneapi/compiler/2026.0/bin/compiler/../../include/sycl/handler.hpp:1537:3: note: 'parallel_for<sycl::detail::auto_name, exl3::DpasKernel<2, 2, 48, 2>, sycl::ext::oneapi::experimental::properties<sycl::ext::oneapi::experimental::detail::properties_type_list<sycl::ext::oneapi::experimental::property_value<sycl::ext::intel::experimental::grf_size_key, std::integral_constant<unsigned int, 256>>>>, 1>' has been explicitly marked deprecated here
 1537 |   __SYCL_DEPRECATED("To specify properties, use a launch configuration object "
      |   ^
/opt/intel/oneapi/compiler/2026.0/bin/compiler/../../include/sycl/detail/defines_elementary.hpp:62:38: note: expanded from macro '__SYCL_DEPRECATED'
   62 | #define __SYCL_DEPRECATED(message) [[deprecated(message)]]
      |                                      ^
/home/yanchun/Projects/exl3xpu/csrc/exl3_ops.sycl:122:44: warning: 'parallel_for' is deprecated: To specify properties, use a launch configuration object of type launch_config or a kernel functor with a get(sycl::ext::oneapi::experimental::properties_tag) member function instead. [-Wdeprecated-declarations]
  122 |         q.submit([&](sycl::handler& h) { h.parallel_for(sycl::nd_range<1>(round_up(n, local), local), props, k); });
      |                                            ^
/home/yanchun/Projects/exl3xpu/csrc/exl3_ops.sycl:122:40: note: while substituting into a lambda expression here
  122 |         q.submit([&](sycl::handler& h) { h.parallel_for(sycl::nd_range<1>(round_up(n, local), local), props, k); });
      |                                        ^
/home/yanchun/Projects/exl3xpu/csrc/exl3_ops.sycl:163:18: note: in instantiation of function template specialization 'launch_dpas<2, 2, 64, 2>' requested here
  163 |         case 64: launch_dpas<K, CB, 64, EXL3_DPAS64_NT>(xh, tr, shard, part, M, Kdim, N, P, rps, q); return true;
      |                  ^
/home/yanchun/Projects/exl3xpu/csrc/exl3_ops.sycl:326:5: note: in instantiation of function template specialization 'dispatch_dpas<2, 2>' requested here
  326 |     EXL3_CASE(2, 2) EXL3_CASE(3, 2) EXL3_CASE(5, 2)
      |     ^
/home/yanchun/Projects/exl3xpu/csrc/exl3_ops.sycl:323:45: note: expanded from macro 'EXL3_CASE'
  323 |                                           : dispatch_dpas<KK, CC>(MB, xh, trellis, shard_of_nb, part, M, Kdim, N, P, rps, q);
      |                                             ^
/opt/intel/oneapi/compiler/2026.0/bin/compiler/../../include/sycl/handler.hpp:1542:28: note: 'parallel_for' has been explicitly marked deprecated here
 1542 |       PropertiesT>::value> parallel_for(nd_range<Dims> Range,
      |                            ^
/home/yanchun/Projects/exl3xpu/csrc/exl3_ops.sycl:122:44: warning: 'parallel_for<sycl::detail::auto_name, exl3::DpasKernel<2, 2, 64, 2>, sycl::ext::oneapi::experimental::properties<sycl::ext::oneapi::experimental::detail::properties_type_list<sycl::ext::oneapi::experimental::property_value<sycl::ext::intel::experimental::grf_size_key, std::integral_constant<unsigned int, 256>>>>, 1>' is deprecated: To specify properties, use a launch configuration object of type launch_config or a kernel functor with a get(sycl::ext::oneapi::experimental::properties_tag) member function instead. [-Wdeprecated-declarations]
  122 |         q.submit([&](sycl::handler& h) { h.parallel_for(sycl::nd_range<1>(round_up(n, local), local), props, k); });
      |                                            ^
/opt/intel/oneapi/compiler/2026.0/bin/compiler/../../include/sycl/handler.hpp:1537:3: note: 'parallel_for<sycl::detail::auto_name, exl3::DpasKernel<2, 2, 64, 2>, sycl::ext::oneapi::experimental::properties<sycl::ext::oneapi::experimental::detail::properties_type_list<sycl::ext::oneapi::experimental::property_value<sycl::ext::intel::experimental::grf_size_key, std::integral_constant<unsigned int, 256>>>>, 1>' has been explicitly marked deprecated here
 1537 |   __SYCL_DEPRECATED("To specify properties, use a launch configuration object "
      |   ^
/opt/intel/oneapi/compiler/2026.0/bin/compiler/../../include/sycl/detail/defines_elementary.hpp:62:38: note: expanded from macro '__SYCL_DEPRECATED'
   62 | #define __SYCL_DEPRECATED(message) [[deprecated(message)]]
      |                                      ^
/home/yanchun/Projects/exl3xpu/csrc/exl3_ops.sycl:122:44: warning: 'parallel_for' is deprecated: To specify properties, use a launch configuration object of type launch_config or a kernel functor with a get(sycl::ext::oneapi::experimental::properties_tag) member function instead. [-Wdeprecated-declarations]
  122 |         q.submit([&](sycl::handler& h) { h.parallel_for(sycl::nd_range<1>(round_up(n, local), local), props, k); });
      |                                            ^
/home/yanchun/Projects/exl3xpu/csrc/exl3_ops.sycl:122:40: note: while substituting into a lambda expression here
  122 |         q.submit([&](sycl::handler& h) { h.parallel_for(sycl::nd_range<1>(round_up(n, local), local), props, k); });
      |                                        ^
/home/yanchun/Projects/exl3xpu/csrc/exl3_ops.sycl:157:18: note: in instantiation of function template specialization 'launch_dpas<3, 2, 40, 2>' requested here
  157 |         case 40: launch_dpas<K, CB, 40, 2>(xh, tr, shard, part, M, Kdim, N, P, rps, q); return true;
      |                  ^
/home/yanchun/Projects/exl3xpu/csrc/exl3_ops.sycl:326:21: note: in instantiation of function template specialization 'dispatch_dpas<3, 2>' requested here
  326 |     EXL3_CASE(2, 2) EXL3_CASE(3, 2) EXL3_CASE(5, 2)
      |                     ^
/home/yanchun/Projects/exl3xpu/csrc/exl3_ops.sycl:323:45: note: expanded from macro 'EXL3_CASE'
  323 |                                           : dispatch_dpas<KK, CC>(MB, xh, trellis, shard_of_nb, part, M, Kdim, N, P, rps, q);
      |                                             ^
/opt/intel/oneapi/compiler/2026.0/bin/compiler/../../include/sycl/handler.hpp:1542:28: note: 'parallel_for' has been explicitly marked deprecated here
 1542 |       PropertiesT>::value> parallel_for(nd_range<Dims> Range,
      |                            ^
/home/yanchun/Projects/exl3xpu/csrc/exl3_ops.sycl:122:44: warning: 'parallel_for<sycl::detail::auto_name, exl3::DpasKernel<3, 2, 40, 2>, sycl::ext::oneapi::experimental::properties<sycl::ext::oneapi::experimental::detail::properties_type_list<sycl::ext::oneapi::experimental::property_value<sycl::ext::intel::experimental::grf_size_key, std::integral_constant<unsigned int, 256>>>>, 1>' is deprecated: To specify properties, use a launch configuration object of type launch_config or a kernel functor with a get(sycl::ext::oneapi::experimental::properties_tag) member function instead. [-Wdeprecated-declarations]
  122 |         q.submit([&](sycl::handler& h) { h.parallel_for(sycl::nd_range<1>(round_up(n, local), local), props, k); });
      |                                            ^
/opt/intel/oneapi/compiler/2026.0/bin/compiler/../../include/sycl/handler.hpp:1537:3: note: 'parallel_for<sycl::detail::auto_name, exl3::DpasKernel<3, 2, 40, 2>, sycl::ext::oneapi::experimental::properties<sycl::ext::oneapi::experimental::detail::properties_type_list<sycl::ext::oneapi::experimental::property_value<sycl::ext::intel::experimental::grf_size_key, std::integral_constant<unsigned int, 256>>>>, 1>' has been explicitly marked deprecated here
 1537 |   __SYCL_DEPRECATED("To specify properties, use a launch configuration object "
      |   ^
/opt/intel/oneapi/compiler/2026.0/bin/compiler/../../include/sycl/detail/defines_elementary.hpp:62:38: note: expanded from macro '__SYCL_DEPRECATED'
   62 | #define __SYCL_DEPRECATED(message) [[deprecated(message)]]
      |                                      ^
/home/yanchun/Projects/exl3xpu/csrc/exl3_ops.sycl:122:44: warning: 'parallel_for' is deprecated: To specify properties, use a launch configuration object of type launch_config or a kernel functor with a get(sycl::ext::oneapi::experimental::properties_tag) member function instead. [-Wdeprecated-declarations]
  122 |         q.submit([&](sycl::handler& h) { h.parallel_for(sycl::nd_range<1>(round_up(n, local), local), props, k); });
      |                                            ^
/home/yanchun/Projects/exl3xpu/csrc/exl3_ops.sycl:122:40: note: while substituting into a lambda expression here
  122 |         q.submit([&](sycl::handler& h) { h.parallel_for(sycl::nd_range<1>(round_up(n, local), local), props, k); });
      |                                        ^
/home/yanchun/Projects/exl3xpu/csrc/exl3_ops.sycl:158:18: note: in instantiation of function template specialization 'launch_dpas<3, 2, 48, 2>' requested here
  158 |         case 48: launch_dpas<K, CB, 48, 2>(xh, tr, shard, part, M, Kdim, N, P, rps, q); return true;
      |                  ^
/home/yanchun/Projects/exl3xpu/csrc/exl3_ops.sycl:326:21: note: in instantiation of function template specialization 'dispatch_dpas<3, 2>' requested here
  326 |     EXL3_CASE(2, 2) EXL3_CASE(3, 2) EXL3_CASE(5, 2)
      |                     ^
/home/yanchun/Projects/exl3xpu/csrc/exl3_ops.sycl:323:45: note: expanded from macro 'EXL3_CASE'
  323 |                                           : dispatch_dpas<KK, CC>(MB, xh, trellis, shard_of_nb, part, M, Kdim, N, P, rps, q);
      |                                             ^
/opt/intel/oneapi/compiler/2026.0/bin/compiler/../../include/sycl/handler.hpp:1542:28: note: 'parallel_for' has been explicitly marked deprecated here
 1542 |       PropertiesT>::value> parallel_for(nd_range<Dims> Range,
      |                            ^
/home/yanchun/Projects/exl3xpu/csrc/exl3_ops.sycl:122:44: warning: 'parallel_for<sycl::detail::auto_name, exl3::DpasKernel<3, 2, 48, 2>, sycl::ext::oneapi::experimental::properties<sycl::ext::oneapi::experimental::detail::properties_type_list<sycl::ext::oneapi::experimental::property_value<sycl::ext::intel::experimental::grf_size_key, std::integral_constant<unsigned int, 256>>>>, 1>' is deprecated: To specify properties, use a launch configuration object of type launch_config or a kernel functor with a get(sycl::ext::oneapi::experimental::properties_tag) member function instead. [-Wdeprecated-declarations]
  122 |         q.submit([&](sycl::handler& h) { h.parallel_for(sycl::nd_range<1>(round_up(n, local), local), props, k); });
      |                                            ^
/opt/intel/oneapi/compiler/2026.0/bin/compiler/../../include/sycl/handler.hpp:1537:3: note: 'parallel_for<sycl::detail::auto_name, exl3::DpasKernel<3, 2, 48, 2>, sycl::ext::oneapi::experimental::properties<sycl::ext::oneapi::experimental::detail::properties_type_list<sycl::ext::oneapi::experimental::property_value<sycl::ext::intel::experimental::grf_size_key, std::integral_constant<unsigned int, 256>>>>, 1>' has been explicitly marked deprecated here
 1537 |   __SYCL_DEPRECATED("To specify properties, use a launch configuration object "
      |   ^
/opt/intel/oneapi/compiler/2026.0/bin/compiler/../../include/sycl/detail/defines_elementary.hpp:62:38: note: expanded from macro '__SYCL_DEPRECATED'
   62 | #define __SYCL_DEPRECATED(message) [[deprecated(message)]]
      |                                      ^
/home/yanchun/Projects/exl3xpu/csrc/exl3_ops.sycl:122:44: warning: 'parallel_for' is deprecated: To specify properties, use a launch configuration object of type launch_config or a kernel functor with a get(sycl::ext::oneapi::experimental::properties_tag) member function instead. [-Wdeprecated-declarations]
  122 |         q.submit([&](sycl::handler& h) { h.parallel_for(sycl::nd_range<1>(round_up(n, local), local), props, k); });
      |                                            ^
/home/yanchun/Projects/exl3xpu/csrc/exl3_ops.sycl:122:40: note: while substituting into a lambda expression here
  122 |         q.submit([&](sycl::handler& h) { h.parallel_for(sycl::nd_range<1>(round_up(n, local), local), props, k); });
      |                                        ^
/home/yanchun/Projects/exl3xpu/csrc/exl3_ops.sycl:163:18: note: in instantiation of function template specialization 'launch_dpas<3, 2, 64, 2>' requested here
  163 |         case 64: launch_dpas<K, CB, 64, EXL3_DPAS64_NT>(xh, tr, shard, part, M, Kdim, N, P, rps, q); return true;
      |                  ^
/home/yanchun/Projects/exl3xpu/csrc/exl3_ops.sycl:326:21: note: in instantiation of function template specialization 'dispatch_dpas<3, 2>' requested here
  326 |     EXL3_CASE(2, 2) EXL3_CASE(3, 2) EXL3_CASE(5, 2)
      |                     ^
/home/yanchun/Projects/exl3xpu/csrc/exl3_ops.sycl:323:45: note: expanded from macro 'EXL3_CASE'
  323 |                                           : dispatch_dpas<KK, CC>(MB, xh, trellis, shard_of_nb, part, M, Kdim, N, P, rps, q);
      |                                             ^
/opt/intel/oneapi/compiler/2026.0/bin/compiler/../../include/sycl/handler.hpp:1542:28: note: 'parallel_for' has been explicitly marked deprecated here
 1542 |       PropertiesT>::value> parallel_for(nd_range<Dims> Range,
      |                            ^
/home/yanchun/Projects/exl3xpu/csrc/exl3_ops.sycl:122:44: warning: 'parallel_for<sycl::detail::auto_name, exl3::DpasKernel<3, 2, 64, 2>, sycl::ext::oneapi::experimental::properties<sycl::ext::oneapi::experimental::detail::properties_type_list<sycl::ext::oneapi::experimental::property_value<sycl::ext::intel::experimental::grf_size_key, std::integral_constant<unsigned int, 256>>>>, 1>' is deprecated: To specify properties, use a launch configuration object of type launch_config or a kernel functor with a get(sycl::ext::oneapi::experimental::properties_tag) member function instead. [-Wdeprecated-declarations]
  122 |         q.submit([&](sycl::handler& h) { h.parallel_for(sycl::nd_range<1>(round_up(n, local), local), props, k); });
      |                                            ^
/opt/intel/oneapi/compiler/2026.0/bin/compiler/../../include/sycl/handler.hpp:1537:3: note: 'parallel_for<sycl::detail::auto_name, exl3::DpasKernel<3, 2, 64, 2>, sycl::ext::oneapi::experimental::properties<sycl::ext::oneapi::experimental::detail::properties_type_list<sycl::ext::oneapi::experimental::property_value<sycl::ext::intel::experimental::grf_size_key, std::integral_constant<unsigned int, 256>>>>, 1>' has been explicitly marked deprecated here
 1537 |   __SYCL_DEPRECATED("To specify properties, use a launch configuration object "
      |   ^
/opt/intel/oneapi/compiler/2026.0/bin/compiler/../../include/sycl/detail/defines_elementary.hpp:62:38: note: expanded from macro '__SYCL_DEPRECATED'
   62 | #define __SYCL_DEPRECATED(message) [[deprecated(message)]]
      |                                      ^
/home/yanchun/Projects/exl3xpu/csrc/exl3_ops.sycl:122:44: warning: 'parallel_for' is deprecated: To specify properties, use a launch configuration object of type launch_config or a kernel functor with a get(sycl::ext::oneapi::experimental::properties_tag) member function instead. [-Wdeprecated-declarations]
  122 |         q.submit([&](sycl::handler& h) { h.parallel_for(sycl::nd_range<1>(round_up(n, local), local), props, k); });
      |                                            ^
/home/yanchun/Projects/exl3xpu/csrc/exl3_ops.sycl:122:40: note: while substituting into a lambda expression here
  122 |         q.submit([&](sycl::handler& h) { h.parallel_for(sycl::nd_range<1>(round_up(n, local), local), props, k); });
      |                                        ^
/home/yanchun/Projects/exl3xpu/csrc/exl3_ops.sycl:157:18: note: in instantiation of function template specialization 'launch_dpas<5, 2, 40, 2>' requested here
  157 |         case 40: launch_dpas<K, CB, 40, 2>(xh, tr, shard, part, M, Kdim, N, P, rps, q); return true;
      |                  ^
/home/yanchun/Projects/exl3xpu/csrc/exl3_ops.sycl:326:37: note: in instantiation of function template specialization 'dispatch_dpas<5, 2>' requested here
  326 |     EXL3_CASE(2, 2) EXL3_CASE(3, 2) EXL3_CASE(5, 2)
      |                                     ^
/home/yanchun/Projects/exl3xpu/csrc/exl3_ops.sycl:323:45: note: expanded from macro 'EXL3_CASE'
  323 |                                           : dispatch_dpas<KK, CC>(MB, xh, trellis, shard_of_nb, part, M, Kdim, N, P, rps, q);
      |                                             ^
/opt/intel/oneapi/compiler/2026.0/bin/compiler/../../include/sycl/handler.hpp:1542:28: note: 'parallel_for' has been explicitly marked deprecated here
 1542 |       PropertiesT>::value> parallel_for(nd_range<Dims> Range,
      |                            ^
/home/yanchun/Projects/exl3xpu/csrc/exl3_ops.sycl:122:44: warning: 'parallel_for<sycl::detail::auto_name, exl3::DpasKernel<5, 2, 40, 2>, sycl::ext::oneapi::experimental::properties<sycl::ext::oneapi::experimental::detail::properties_type_list<sycl::ext::oneapi::experimental::property_value<sycl::ext::intel::experimental::grf_size_key, std::integral_constant<unsigned int, 256>>>>, 1>' is deprecated: To specify properties, use a launch configuration object of type launch_config or a kernel functor with a get(sycl::ext::oneapi::experimental::properties_tag) member function instead. [-Wdeprecated-declarations]
  122 |         q.submit([&](sycl::handler& h) { h.parallel_for(sycl::nd_range<1>(round_up(n, local), local), props, k); });
      |                                            ^
/opt/intel/oneapi/compiler/2026.0/bin/compiler/../../include/sycl/handler.hpp:1537:3: note: 'parallel_for<sycl::detail::auto_name, exl3::DpasKernel<5, 2, 40, 2>, sycl::ext::oneapi::experimental::properties<sycl::ext::oneapi::experimental::detail::properties_type_list<sycl::ext::oneapi::experimental::property_value<sycl::ext::intel::experimental::grf_size_key, std::integral_constant<unsigned int, 256>>>>, 1>' has been explicitly marked deprecated here
 1537 |   __SYCL_DEPRECATED("To specify properties, use a launch configuration object "
      |   ^
/opt/intel/oneapi/compiler/2026.0/bin/compiler/../../include/sycl/detail/defines_elementary.hpp:62:38: note: expanded from macro '__SYCL_DEPRECATED'
   62 | #define __SYCL_DEPRECATED(message) [[deprecated(message)]]
      |                                      ^
/home/yanchun/Projects/exl3xpu/csrc/exl3_ops.sycl:122:44: warning: 'parallel_for' is deprecated: To specify properties, use a launch configuration object of type launch_config or a kernel functor with a get(sycl::ext::oneapi::experimental::properties_tag) member function instead. [-Wdeprecated-declarations]
  122 |         q.submit([&](sycl::handler& h) { h.parallel_for(sycl::nd_range<1>(round_up(n, local), local), props, k); });
      |                                            ^
/home/yanchun/Projects/exl3xpu/csrc/exl3_ops.sycl:122:40: note: while substituting into a lambda expression here
  122 |         q.submit([&](sycl::handler& h) { h.parallel_for(sycl::nd_range<1>(round_up(n, local), local), props, k); });
      |                                        ^
/home/yanchun/Projects/exl3xpu/csrc/exl3_ops.sycl:158:18: note: in instantiation of function template specialization 'launch_dpas<5, 2, 48, 2>' requested here
  158 |         case 48: launch_dpas<K, CB, 48, 2>(xh, tr, shard, part, M, Kdim, N, P, rps, q); return true;
      |                  ^
/home/yanchun/Projects/exl3xpu/csrc/exl3_ops.sycl:326:37: note: in instantiation of function template specialization 'dispatch_dpas<5, 2>' requested here
  326 |     EXL3_CASE(2, 2) EXL3_CASE(3, 2) EXL3_CASE(5, 2)
      |                                     ^
/home/yanchun/Projects/exl3xpu/csrc/exl3_ops.sycl:323:45: note: expanded from macro 'EXL3_CASE'
  323 |                                           : dispatch_dpas<KK, CC>(MB, xh, trellis, shard_of_nb, part, M, Kdim, N, P, rps, q);
      |                                             ^
/opt/intel/oneapi/compiler/2026.0/bin/compiler/../../include/sycl/handler.hpp:1542:28: note: 'parallel_for' has been explicitly marked deprecated here
 1542 |       PropertiesT>::value> parallel_for(nd_range<Dims> Range,
      |                            ^
/home/yanchun/Projects/exl3xpu/csrc/exl3_ops.sycl:122:44: warning: 'parallel_for<sycl::detail::auto_name, exl3::DpasKernel<5, 2, 48, 2>, sycl::ext::oneapi::experimental::properties<sycl::ext::oneapi::experimental::detail::properties_type_list<sycl::ext::oneapi::experimental::property_value<sycl::ext::intel::experimental::grf_size_key, std::integral_constant<unsigned int, 256>>>>, 1>' is deprecated: To specify properties, use a launch configuration object of type launch_config or a kernel functor with a get(sycl::ext::oneapi::experimental::properties_tag) member function instead. [-Wdeprecated-declarations]
  122 |         q.submit([&](sycl::handler& h) { h.parallel_for(sycl::nd_range<1>(round_up(n, local), local), props, k); });
      |                                            ^
/opt/intel/oneapi/compiler/2026.0/bin/compiler/../../include/sycl/handler.hpp:1537:3: note: 'parallel_for<sycl::detail::auto_name, exl3::DpasKernel<5, 2, 48, 2>, sycl::ext::oneapi::experimental::properties<sycl::ext::oneapi::experimental::detail::properties_type_list<sycl::ext::oneapi::experimental::property_value<sycl::ext::intel::experimental::grf_size_key, std::integral_constant<unsigned int, 256>>>>, 1>' has been explicitly marked deprecated here
 1537 |   __SYCL_DEPRECATED("To specify properties, use a launch configuration object "
      |   ^
/opt/intel/oneapi/compiler/2026.0/bin/compiler/../../include/sycl/detail/defines_elementary.hpp:62:38: note: expanded from macro '__SYCL_DEPRECATED'
   62 | #define __SYCL_DEPRECATED(message) [[deprecated(message)]]
      |                                      ^
/home/yanchun/Projects/exl3xpu/csrc/exl3_ops.sycl:122:44: warning: 'parallel_for' is deprecated: To specify properties, use a launch configuration object of type launch_config or a kernel functor with a get(sycl::ext::oneapi::experimental::properties_tag) member function instead. [-Wdeprecated-declarations]
  122 |         q.submit([&](sycl::handler& h) { h.parallel_for(sycl::nd_range<1>(round_up(n, local), local), props, k); });
      |                                            ^
/home/yanchun/Projects/exl3xpu/csrc/exl3_ops.sycl:122:40: note: while substituting into a lambda expression here
  122 |         q.submit([&](sycl::handler& h) { h.parallel_for(sycl::nd_range<1>(round_up(n, local), local), props, k); });
      |                                        ^
/home/yanchun/Projects/exl3xpu/csrc/exl3_ops.sycl:163:18: note: in instantiation of function template specialization 'launch_dpas<5, 2, 64, 2>' requested here
  163 |         case 64: launch_dpas<K, CB, 64, EXL3_DPAS64_NT>(xh, tr, shard, part, M, Kdim, N, P, rps, q); return true;
      |                  ^
/home/yanchun/Projects/exl3xpu/csrc/exl3_ops.sycl:326:37: note: in instantiation of function template specialization 'dispatch_dpas<5, 2>' requested here
  326 |     EXL3_CASE(2, 2) EXL3_CASE(3, 2) EXL3_CASE(5, 2)
      |                                     ^
/home/yanchun/Projects/exl3xpu/csrc/exl3_ops.sycl:323:45: note: expanded from macro 'EXL3_CASE'
  323 |                                           : dispatch_dpas<KK, CC>(MB, xh, trellis, shard_of_nb, part, M, Kdim, N, P, rps, q);
      |                                             ^
/opt/intel/oneapi/compiler/2026.0/bin/compiler/../../include/sycl/handler.hpp:1542:28: note: 'parallel_for' has been explicitly marked deprecated here
 1542 |       PropertiesT>::value> parallel_for(nd_range<Dims> Range,
      |                            ^
/home/yanchun/Projects/exl3xpu/csrc/exl3_ops.sycl:122:44: warning: 'parallel_for<sycl::detail::auto_name, exl3::DpasKernel<5, 2, 64, 2>, sycl::ext::oneapi::experimental::properties<sycl::ext::oneapi::experimental::detail::properties_type_list<sycl::ext::oneapi::experimental::property_value<sycl::ext::intel::experimental::grf_size_key, std::integral_constant<unsigned int, 256>>>>, 1>' is deprecated: To specify properties, use a launch configuration object of type launch_config or a kernel functor with a get(sycl::ext::oneapi::experimental::properties_tag) member function instead. [-Wdeprecated-declarations]
  122 |         q.submit([&](sycl::handler& h) { h.parallel_for(sycl::nd_range<1>(round_up(n, local), local), props, k); });
      |                                            ^
/opt/intel/oneapi/compiler/2026.0/bin/compiler/../../include/sycl/handler.hpp:1537:3: note: 'parallel_for<sycl::detail::auto_name, exl3::DpasKernel<5, 2, 64, 2>, sycl::ext::oneapi::experimental::properties<sycl::ext::oneapi::experimental::detail::properties_type_list<sycl::ext::oneapi::experimental::property_value<sycl::ext::intel::experimental::grf_size_key, std::integral_constant<unsigned int, 256>>>>, 1>' has been explicitly marked deprecated here
 1537 |   __SYCL_DEPRECATED("To specify properties, use a launch configuration object "
      |   ^
/opt/intel/oneapi/compiler/2026.0/bin/compiler/../../include/sycl/detail/defines_elementary.hpp:62:38: note: expanded from macro '__SYCL_DEPRECATED'
   62 | #define __SYCL_DEPRECATED(message) [[deprecated(message)]]
      |                                      ^
/home/yanchun/Projects/exl3xpu/csrc/exl3_ops.sycl:122:44: warning: 'parallel_for' is deprecated: To specify properties, use a launch configuration object of type launch_config or a kernel functor with a get(sycl::ext::oneapi::experimental::properties_tag) member function instead. [-Wdeprecated-declarations]
  122 |         q.submit([&](sycl::handler& h) { h.parallel_for(sycl::nd_range<1>(round_up(n, local), local), props, k); });
      |                                            ^
/home/yanchun/Projects/exl3xpu/csrc/exl3_ops.sycl:122:40: note: while substituting into a lambda expression here
  122 |         q.submit([&](sycl::handler& h) { h.parallel_for(sycl::nd_range<1>(round_up(n, local), local), props, k); });
      |                                        ^
/home/yanchun/Projects/exl3xpu/csrc/exl3_ops.sycl:157:18: note: in instantiation of function template specialization 'launch_dpas<4, 0, 40, 2>' requested here
  157 |         case 40: launch_dpas<K, CB, 40, 2>(xh, tr, shard, part, M, Kdim, N, P, rps, q); return true;
      |                  ^
/home/yanchun/Projects/exl3xpu/csrc/exl3_ops.sycl:327:5: note: in instantiation of function template specialization 'dispatch_dpas<4, 0>' requested here
  327 |     EXL3_CASE(4, 0) EXL3_CASE(4, 1) EXL3_CASE(6, 0) EXL3_CASE(6, 1)
      |     ^
/home/yanchun/Projects/exl3xpu/csrc/exl3_ops.sycl:323:45: note: expanded from macro 'EXL3_CASE'
  323 |                                           : dispatch_dpas<KK, CC>(MB, xh, trellis, shard_of_nb, part, M, Kdim, N, P, rps, q);
      |                                             ^
/opt/intel/oneapi/compiler/2026.0/bin/compiler/../../include/sycl/handler.hpp:1542:28: note: 'parallel_for' has been explicitly marked deprecated here
 1542 |       PropertiesT>::value> parallel_for(nd_range<Dims> Range,
      |                            ^
/home/yanchun/Projects/exl3xpu/csrc/exl3_ops.sycl:122:44: warning: 'parallel_for<sycl::detail::auto_name, exl3::DpasKernel<4, 0, 40, 2>, sycl::ext::oneapi::experimental::properties<sycl::ext::oneapi::experimental::detail::properties_type_list<sycl::ext::oneapi::experimental::property_value<sycl::ext::intel::experimental::grf_size_key, std::integral_constant<unsigned int, 256>>>>, 1>' is deprecated: To specify properties, use a launch configuration object of type launch_config or a kernel functor with a get(sycl::ext::oneapi::experimental::properties_tag) member function instead. [-Wdeprecated-declarations]
  122 |         q.submit([&](sycl::handler& h) { h.parallel_for(sycl::nd_range<1>(round_up(n, local), local), props, k); });
      |                                            ^
/opt/intel/oneapi/compiler/2026.0/bin/compiler/../../include/sycl/handler.hpp:1537:3: note: 'parallel_for<sycl::detail::auto_name, exl3::DpasKernel<4, 0, 40, 2>, sycl::ext::oneapi::experimental::properties<sycl::ext::oneapi::experimental::detail::properties_type_list<sycl::ext::oneapi::experimental::property_value<sycl::ext::intel::experimental::grf_size_key, std::integral_constant<unsigned int, 256>>>>, 1>' has been explicitly marked deprecated here
 1537 |   __SYCL_DEPRECATED("To specify properties, use a launch configuration object "
      |   ^
/opt/intel/oneapi/compiler/2026.0/bin/compiler/../../include/sycl/detail/defines_elementary.hpp:62:38: note: expanded from macro '__SYCL_DEPRECATED'
   62 | #define __SYCL_DEPRECATED(message) [[deprecated(message)]]
      |                                      ^
/home/yanchun/Projects/exl3xpu/csrc/exl3_ops.sycl:122:44: warning: 'parallel_for' is deprecated: To specify properties, use a launch configuration object of type launch_config or a kernel functor with a get(sycl::ext::oneapi::experimental::properties_tag) member function instead. [-Wdeprecated-declarations]
  122 |         q.submit([&](sycl::handler& h) { h.parallel_for(sycl::nd_range<1>(round_up(n, local), local), props, k); });
      |                                            ^
/home/yanchun/Projects/exl3xpu/csrc/exl3_ops.sycl:122:40: note: while substituting into a lambda expression here
  122 |         q.submit([&](sycl::handler& h) { h.parallel_for(sycl::nd_range<1>(round_up(n, local), local), props, k); });
      |                                        ^
/home/yanchun/Projects/exl3xpu/csrc/exl3_ops.sycl:158:18: note: in instantiation of function template specialization 'launch_dpas<4, 0, 48, 2>' requested here
  158 |         case 48: launch_dpas<K, CB, 48, 2>(xh, tr, shard, part, M, Kdim, N, P, rps, q); return true;
      |                  ^
/home/yanchun/Projects/exl3xpu/csrc/exl3_ops.sycl:327:5: note: in instantiation of function template specialization 'dispatch_dpas<4, 0>' requested here
  327 |     EXL3_CASE(4, 0) EXL3_CASE(4, 1) EXL3_CASE(6, 0) EXL3_CASE(6, 1)
      |     ^
/home/yanchun/Projects/exl3xpu/csrc/exl3_ops.sycl:323:45: note: expanded from macro 'EXL3_CASE'
  323 |                                           : dispatch_dpas<KK, CC>(MB, xh, trellis, shard_of_nb, part, M, Kdim, N, P, rps, q);
      |                                             ^
/opt/intel/oneapi/compiler/2026.0/bin/compiler/../../include/sycl/handler.hpp:1542:28: note: 'parallel_for' has been explicitly marked deprecated here
 1542 |       PropertiesT>::value> parallel_for(nd_range<Dims> Range,
      |                            ^
/home/yanchun/Projects/exl3xpu/csrc/exl3_ops.sycl:122:44: warning: 'parallel_for<sycl::detail::auto_name, exl3::DpasKernel<4, 0, 48, 2>, sycl::ext::oneapi::experimental::properties<sycl::ext::oneapi::experimental::detail::properties_type_list<sycl::ext::oneapi::experimental::property_value<sycl::ext::intel::experimental::grf_size_key, std::integral_constant<unsigned int, 256>>>>, 1>' is deprecated: To specify properties, use a launch configuration object of type launch_config or a kernel functor with a get(sycl::ext::oneapi::experimental::properties_tag) member function instead. [-Wdeprecated-declarations]
  122 |         q.submit([&](sycl::handler& h) { h.parallel_for(sycl::nd_range<1>(round_up(n, local), local), props, k); });
      |                                            ^
/opt/intel/oneapi/compiler/2026.0/bin/compiler/../../include/sycl/handler.hpp:1537:3: note: 'parallel_for<sycl::detail::auto_name, exl3::DpasKernel<4, 0, 48, 2>, sycl::ext::oneapi::experimental::properties<sycl::ext::oneapi::experimental::detail::properties_type_list<sycl::ext::oneapi::experimental::property_value<sycl::ext::intel::experimental::grf_size_key, std::integral_constant<unsigned int, 256>>>>, 1>' has been explicitly marked deprecated here
 1537 |   __SYCL_DEPRECATED("To specify properties, use a launch configuration object "
      |   ^
/opt/intel/oneapi/compiler/2026.0/bin/compiler/../../include/sycl/detail/defines_elementary.hpp:62:38: note: expanded from macro '__SYCL_DEPRECATED'
   62 | #define __SYCL_DEPRECATED(message) [[deprecated(message)]]
      |                                      ^
/home/yanchun/Projects/exl3xpu/csrc/exl3_ops.sycl:122:44: warning: 'parallel_for' is deprecated: To specify properties, use a launch configuration object of type launch_config or a kernel functor with a get(sycl::ext::oneapi::experimental::properties_tag) member function instead. [-Wdeprecated-declarations]
  122 |         q.submit([&](sycl::handler& h) { h.parallel_for(sycl::nd_range<1>(round_up(n, local), local), props, k); });
      |                                            ^
/home/yanchun/Projects/exl3xpu/csrc/exl3_ops.sycl:122:40: note: while substituting into a lambda expression here
  122 |         q.submit([&](sycl::handler& h) { h.parallel_for(sycl::nd_range<1>(round_up(n, local), local), props, k); });
      |                                        ^
/home/yanchun/Projects/exl3xpu/csrc/exl3_ops.sycl:163:18: note: in instantiation of function template specialization 'launch_dpas<4, 0, 64, 2>' requested here
  163 |         case 64: launch_dpas<K, CB, 64, EXL3_DPAS64_NT>(xh, tr, shard, part, M, Kdim, N, P, rps, q); return true;
      |                  ^
/home/yanchun/Projects/exl3xpu/csrc/exl3_ops.sycl:327:5: note: in instantiation of function template specialization 'dispatch_dpas<4, 0>' requested here
  327 |     EXL3_CASE(4, 0) EXL3_CASE(4, 1) EXL3_CASE(6, 0) EXL3_CASE(6, 1)
      |     ^
/home/yanchun/Projects/exl3xpu/csrc/exl3_ops.sycl:323:45: note: expanded from macro 'EXL3_CASE'
  323 |                                           : dispatch_dpas<KK, CC>(MB, xh, trellis, shard_of_nb, part, M, Kdim, N, P, rps, q);
      |                                             ^
/opt/intel/oneapi/compiler/2026.0/bin/compiler/../../include/sycl/handler.hpp:1542:28: note: 'parallel_for' has been explicitly marked deprecated here
 1542 |       PropertiesT>::value> parallel_for(nd_range<Dims> Range,
      |                            ^
/home/yanchun/Projects/exl3xpu/csrc/exl3_ops.sycl:122:44: warning: 'parallel_for<sycl::detail::auto_name, exl3::DpasKernel<4, 0, 64, 2>, sycl::ext::oneapi::experimental::properties<sycl::ext::oneapi::experimental::detail::properties_type_list<sycl::ext::oneapi::experimental::property_value<sycl::ext::intel::experimental::grf_size_key, std::integral_constant<unsigned int, 256>>>>, 1>' is deprecated: To specify properties, use a launch configuration object of type launch_config or a kernel functor with a get(sycl::ext::oneapi::experimental::properties_tag) member function instead. [-Wdeprecated-declarations]
  122 |         q.submit([&](sycl::handler& h) { h.parallel_for(sycl::nd_range<1>(round_up(n, local), local), props, k); });
      |                                            ^
/opt/intel/oneapi/compiler/2026.0/bin/compiler/../../include/sycl/handler.hpp:1537:3: note: 'parallel_for<sycl::detail::auto_name, exl3::DpasKernel<4, 0, 64, 2>, sycl::ext::oneapi::experimental::properties<sycl::ext::oneapi::experimental::detail::properties_type_list<sycl::ext::oneapi::experimental::property_value<sycl::ext::intel::experimental::grf_size_key, std::integral_constant<unsigned int, 256>>>>, 1>' has been explicitly marked deprecated here
 1537 |   __SYCL_DEPRECATED("To specify properties, use a launch configuration object "
      |   ^
/opt/intel/oneapi/compiler/2026.0/bin/compiler/../../include/sycl/detail/defines_elementary.hpp:62:38: note: expanded from macro '__SYCL_DEPRECATED'
   62 | #define __SYCL_DEPRECATED(message) [[deprecated(message)]]
      |                                      ^
/home/yanchun/Projects/exl3xpu/csrc/exl3_ops.sycl:122:44: warning: 'parallel_for' is deprecated: To specify properties, use a launch configuration object of type launch_config or a kernel functor with a get(sycl::ext::oneapi::experimental::properties_tag) member function instead. [-Wdeprecated-declarations]
  122 |         q.submit([&](sycl::handler& h) { h.parallel_for(sycl::nd_range<1>(round_up(n, local), local), props, k); });
      |                                            ^
/home/yanchun/Projects/exl3xpu/csrc/exl3_ops.sycl:122:40: note: while substituting into a lambda expression here
  122 |         q.submit([&](sycl::handler& h) { h.parallel_for(sycl::nd_range<1>(round_up(n, local), local), props, k); });
      |                                        ^
/home/yanchun/Projects/exl3xpu/csrc/exl3_ops.sycl:157:18: note: in instantiation of function template specialization 'launch_dpas<4, 1, 40, 2>' requested here
  157 |         case 40: launch_dpas<K, CB, 40, 2>(xh, tr, shard, part, M, Kdim, N, P, rps, q); return true;
      |                  ^
/home/yanchun/Projects/exl3xpu/csrc/exl3_ops.sycl:327:21: note: in instantiation of function template specialization 'dispatch_dpas<4, 1>' requested here
  327 |     EXL3_CASE(4, 0) EXL3_CASE(4, 1) EXL3_CASE(6, 0) EXL3_CASE(6, 1)
      |                     ^
/home/yanchun/Projects/exl3xpu/csrc/exl3_ops.sycl:323:45: note: expanded from macro 'EXL3_CASE'
  323 |                                           : dispatch_dpas<KK, CC>(MB, xh, trellis, shard_of_nb, part, M, Kdim, N, P, rps, q);
      |                                             ^
/opt/intel/oneapi/compiler/2026.0/bin/compiler/../../include/sycl/handler.hpp:1542:28: note: 'parallel_for' has been explicitly marked deprecated here
 1542 |       PropertiesT>::value> parallel_for(nd_range<Dims> Range,
      |                            ^
/home/yanchun/Projects/exl3xpu/csrc/exl3_ops.sycl:122:44: warning: 'parallel_for<sycl::detail::auto_name, exl3::DpasKernel<4, 1, 40, 2>, sycl::ext::oneapi::experimental::properties<sycl::ext::oneapi::experimental::detail::properties_type_list<sycl::ext::oneapi::experimental::property_value<sycl::ext::intel::experimental::grf_size_key, std::integral_constant<unsigned int, 256>>>>, 1>' is deprecated: To specify properties, use a launch configuration object of type launch_config or a kernel functor with a get(sycl::ext::oneapi::experimental::properties_tag) member function instead. [-Wdeprecated-declarations]
  122 |         q.submit([&](sycl::handler& h) { h.parallel_for(sycl::nd_range<1>(round_up(n, local), local), props, k); });
      |                                            ^
/opt/intel/oneapi/compiler/2026.0/bin/compiler/../../include/sycl/handler.hpp:1537:3: note: 'parallel_for<sycl::detail::auto_name, exl3::DpasKernel<4, 1, 40, 2>, sycl::ext::oneapi::experimental::properties<sycl::ext::oneapi::experimental::detail::properties_type_list<sycl::ext::oneapi::experimental::property_value<sycl::ext::intel::experimental::grf_size_key, std::integral_constant<unsigned int, 256>>>>, 1>' has been explicitly marked deprecated here
 1537 |   __SYCL_DEPRECATED("To specify properties, use a launch configuration object "
      |   ^
/opt/intel/oneapi/compiler/2026.0/bin/compiler/../../include/sycl/detail/defines_elementary.hpp:62:38: note: expanded from macro '__SYCL_DEPRECATED'
   62 | #define __SYCL_DEPRECATED(message) [[deprecated(message)]]
      |                                      ^
/home/yanchun/Projects/exl3xpu/csrc/exl3_ops.sycl:122:44: warning: 'parallel_for' is deprecated: To specify properties, use a launch configuration object of type launch_config or a kernel functor with a get(sycl::ext::oneapi::experimental::properties_tag) member function instead. [-Wdeprecated-declarations]
  122 |         q.submit([&](sycl::handler& h) { h.parallel_for(sycl::nd_range<1>(round_up(n, local), local), props, k); });
      |                                            ^
/home/yanchun/Projects/exl3xpu/csrc/exl3_ops.sycl:122:40: note: while substituting into a lambda expression here
  122 |         q.submit([&](sycl::handler& h) { h.parallel_for(sycl::nd_range<1>(round_up(n, local), local), props, k); });
      |                                        ^
/home/yanchun/Projects/exl3xpu/csrc/exl3_ops.sycl:158:18: note: in instantiation of function template specialization 'launch_dpas<4, 1, 48, 2>' requested here
  158 |         case 48: launch_dpas<K, CB, 48, 2>(xh, tr, shard, part, M, Kdim, N, P, rps, q); return true;
      |                  ^
/home/yanchun/Projects/exl3xpu/csrc/exl3_ops.sycl:327:21: note: in instantiation of function template specialization 'dispatch_dpas<4, 1>' requested here
  327 |     EXL3_CASE(4, 0) EXL3_CASE(4, 1) EXL3_CASE(6, 0) EXL3_CASE(6, 1)
      |                     ^
/home/yanchun/Projects/exl3xpu/csrc/exl3_ops.sycl:323:45: note: expanded from macro 'EXL3_CASE'
  323 |                                           : dispatch_dpas<KK, CC>(MB, xh, trellis, shard_of_nb, part, M, Kdim, N, P, rps, q);
      |                                             ^
/opt/intel/oneapi/compiler/2026.0/bin/compiler/../../include/sycl/handler.hpp:1542:28: note: 'parallel_for' has been explicitly marked deprecated here
 1542 |       PropertiesT>::value> parallel_for(nd_range<Dims> Range,
      |                            ^
/home/yanchun/Projects/exl3xpu/csrc/exl3_ops.sycl:122:44: warning: 'parallel_for<sycl::detail::auto_name, exl3::DpasKernel<4, 1, 48, 2>, sycl::ext::oneapi::experimental::properties<sycl::ext::oneapi::experimental::detail::properties_type_list<sycl::ext::oneapi::experimental::property_value<sycl::ext::intel::experimental::grf_size_key, std::integral_constant<unsigned int, 256>>>>, 1>' is deprecated: To specify properties, use a launch configuration object of type launch_config or a kernel functor with a get(sycl::ext::oneapi::experimental::properties_tag) member function instead. [-Wdeprecated-declarations]
  122 |         q.submit([&](sycl::handler& h) { h.parallel_for(sycl::nd_range<1>(round_up(n, local), local), props, k); });
      |                                            ^
/opt/intel/oneapi/compiler/2026.0/bin/compiler/../../include/sycl/handler.hpp:1537:3: note: 'parallel_for<sycl::detail::auto_name, exl3::DpasKernel<4, 1, 48, 2>, sycl::ext::oneapi::experimental::properties<sycl::ext::oneapi::experimental::detail::properties_type_list<sycl::ext::oneapi::experimental::property_value<sycl::ext::intel::experimental::grf_size_key, std::integral_constant<unsigned int, 256>>>>, 1>' has been explicitly marked deprecated here
 1537 |   __SYCL_DEPRECATED("To specify properties, use a launch configuration object "
      |   ^
/opt/intel/oneapi/compiler/2026.0/bin/compiler/../../include/sycl/detail/defines_elementary.hpp:62:38: note: expanded from macro '__SYCL_DEPRECATED'
   62 | #define __SYCL_DEPRECATED(message) [[deprecated(message)]]
      |                                      ^
/home/yanchun/Projects/exl3xpu/csrc/exl3_ops.sycl:122:44: warning: 'parallel_for' is deprecated: To specify properties, use a launch configuration object of type launch_config or a kernel functor with a get(sycl::ext::oneapi::experimental::properties_tag) member function instead. [-Wdeprecated-declarations]
  122 |         q.submit([&](sycl::handler& h) { h.parallel_for(sycl::nd_range<1>(round_up(n, local), local), props, k); });
      |                                            ^
/home/yanchun/Projects/exl3xpu/csrc/exl3_ops.sycl:122:40: note: while substituting into a lambda expression here
  122 |         q.submit([&](sycl::handler& h) { h.parallel_for(sycl::nd_range<1>(round_up(n, local), local), props, k); });
      |                                        ^
/home/yanchun/Projects/exl3xpu/csrc/exl3_ops.sycl:163:18: note: in instantiation of function template specialization 'launch_dpas<4, 1, 64, 2>' requested here
  163 |         case 64: launch_dpas<K, CB, 64, EXL3_DPAS64_NT>(xh, tr, shard, part, M, Kdim, N, P, rps, q); return true;
      |                  ^
/home/yanchun/Projects/exl3xpu/csrc/exl3_ops.sycl:327:21: note: in instantiation of function template specialization 'dispatch_dpas<4, 1>' requested here
  327 |     EXL3_CASE(4, 0) EXL3_CASE(4, 1) EXL3_CASE(6, 0) EXL3_CASE(6, 1)
      |                     ^
/home/yanchun/Projects/exl3xpu/csrc/exl3_ops.sycl:323:45: note: expanded from macro 'EXL3_CASE'
  323 |                                           : dispatch_dpas<KK, CC>(MB, xh, trellis, shard_of_nb, part, M, Kdim, N, P, rps, q);
      |                                             ^
/opt/intel/oneapi/compiler/2026.0/bin/compiler/../../include/sycl/handler.hpp:1542:28: note: 'parallel_for' has been explicitly marked deprecated here
 1542 |       PropertiesT>::value> parallel_for(nd_range<Dims> Range,
      |                            ^
/home/yanchun/Projects/exl3xpu/csrc/exl3_ops.sycl:122:44: warning: 'parallel_for<sycl::detail::auto_name, exl3::DpasKernel<4, 1, 64, 2>, sycl::ext::oneapi::experimental::properties<sycl::ext::oneapi::experimental::detail::properties_type_list<sycl::ext::oneapi::experimental::property_value<sycl::ext::intel::experimental::grf_size_key, std::integral_constant<unsigned int, 256>>>>, 1>' is deprecated: To specify properties, use a launch configuration object of type launch_config or a kernel functor with a get(sycl::ext::oneapi::experimental::properties_tag) member function instead. [-Wdeprecated-declarations]
  122 |         q.submit([&](sycl::handler& h) { h.parallel_for(sycl::nd_range<1>(round_up(n, local), local), props, k); });
      |                                            ^
/opt/intel/oneapi/compiler/2026.0/bin/compiler/../../include/sycl/handler.hpp:1537:3: note: 'parallel_for<sycl::detail::auto_name, exl3::DpasKernel<4, 1, 64, 2>, sycl::ext::oneapi::experimental::properties<sycl::ext::oneapi::experimental::detail::properties_type_list<sycl::ext::oneapi::experimental::property_value<sycl::ext::intel::experimental::grf_size_key, std::integral_constant<unsigned int, 256>>>>, 1>' has been explicitly marked deprecated here
 1537 |   __SYCL_DEPRECATED("To specify properties, use a launch configuration object "
      |   ^
/opt/intel/oneapi/compiler/2026.0/bin/compiler/../../include/sycl/detail/defines_elementary.hpp:62:38: note: expanded from macro '__SYCL_DEPRECATED'
   62 | #define __SYCL_DEPRECATED(message) [[deprecated(message)]]
      |                                      ^
/home/yanchun/Projects/exl3xpu/csrc/exl3_ops.sycl:122:44: warning: 'parallel_for' is deprecated: To specify properties, use a launch configuration object of type launch_config or a kernel functor with a get(sycl::ext::oneapi::experimental::properties_tag) member function instead. [-Wdeprecated-declarations]
  122 |         q.submit([&](sycl::handler& h) { h.parallel_for(sycl::nd_range<1>(round_up(n, local), local), props, k); });
      |                                            ^
/home/yanchun/Projects/exl3xpu/csrc/exl3_ops.sycl:122:40: note: while substituting into a lambda expression here
  122 |         q.submit([&](sycl::handler& h) { h.parallel_for(sycl::nd_range<1>(round_up(n, local), local), props, k); });
      |                                        ^
/home/yanchun/Projects/exl3xpu/csrc/exl3_ops.sycl:157:18: note: in instantiation of function template specialization 'launch_dpas<6, 0, 40, 2>' requested here
  157 |         case 40: launch_dpas<K, CB, 40, 2>(xh, tr, shard, part, M, Kdim, N, P, rps, q); return true;
      |                  ^
/home/yanchun/Projects/exl3xpu/csrc/exl3_ops.sycl:327:37: note: in instantiation of function template specialization 'dispatch_dpas<6, 0>' requested here
  327 |     EXL3_CASE(4, 0) EXL3_CASE(4, 1) EXL3_CASE(6, 0) EXL3_CASE(6, 1)
      |                                     ^
/home/yanchun/Projects/exl3xpu/csrc/exl3_ops.sycl:323:45: note: expanded from macro 'EXL3_CASE'
  323 |                                           : dispatch_dpas<KK, CC>(MB, xh, trellis, shard_of_nb, part, M, Kdim, N, P, rps, q);
      |                                             ^
/opt/intel/oneapi/compiler/2026.0/bin/compiler/../../include/sycl/handler.hpp:1542:28: note: 'parallel_for' has been explicitly marked deprecated here
 1542 |       PropertiesT>::value> parallel_for(nd_range<Dims> Range,
      |                            ^
/home/yanchun/Projects/exl3xpu/csrc/exl3_ops.sycl:122:44: warning: 'parallel_for<sycl::detail::auto_name, exl3::DpasKernel<6, 0, 40, 2>, sycl::ext::oneapi::experimental::properties<sycl::ext::oneapi::experimental::detail::properties_type_list<sycl::ext::oneapi::experimental::property_value<sycl::ext::intel::experimental::grf_size_key, std::integral_constant<unsigned int, 256>>>>, 1>' is deprecated: To specify properties, use a launch configuration object of type launch_config or a kernel functor with a get(sycl::ext::oneapi::experimental::properties_tag) member function instead. [-Wdeprecated-declarations]
  122 |         q.submit([&](sycl::handler& h) { h.parallel_for(sycl::nd_range<1>(round_up(n, local), local), props, k); });
      |                                            ^
/opt/intel/oneapi/compiler/2026.0/bin/compiler/../../include/sycl/handler.hpp:1537:3: note: 'parallel_for<sycl::detail::auto_name, exl3::DpasKernel<6, 0, 40, 2>, sycl::ext::oneapi::experimental::properties<sycl::ext::oneapi::experimental::detail::properties_type_list<sycl::ext::oneapi::experimental::property_value<sycl::ext::intel::experimental::grf_size_key, std::integral_constant<unsigned int, 256>>>>, 1>' has been explicitly marked deprecated here
 1537 |   __SYCL_DEPRECATED("To specify properties, use a launch configuration object "
      |   ^
/opt/intel/oneapi/compiler/2026.0/bin/compiler/../../include/sycl/detail/defines_elementary.hpp:62:38: note: expanded from macro '__SYCL_DEPRECATED'
   62 | #define __SYCL_DEPRECATED(message) [[deprecated(message)]]
      |                                      ^
/home/yanchun/Projects/exl3xpu/csrc/exl3_ops.sycl:122:44: warning: 'parallel_for' is deprecated: To specify properties, use a launch configuration object of type launch_config or a kernel functor with a get(sycl::ext::oneapi::experimental::properties_tag) member function instead. [-Wdeprecated-declarations]
  122 |         q.submit([&](sycl::handler& h) { h.parallel_for(sycl::nd_range<1>(round_up(n, local), local), props, k); });
      |                                            ^
/home/yanchun/Projects/exl3xpu/csrc/exl3_ops.sycl:122:40: note: while substituting into a lambda expression here
  122 |         q.submit([&](sycl::handler& h) { h.parallel_for(sycl::nd_range<1>(round_up(n, local), local), props, k); });
      |                                        ^
/home/yanchun/Projects/exl3xpu/csrc/exl3_ops.sycl:158:18: note: in instantiation of function template specialization 'launch_dpas<6, 0, 48, 2>' requested here
  158 |         case 48: launch_dpas<K, CB, 48, 2>(xh, tr, shard, part, M, Kdim, N, P, rps, q); return true;
      |                  ^
/home/yanchun/Projects/exl3xpu/csrc/exl3_ops.sycl:327:37: note: in instantiation of function template specialization 'dispatch_dpas<6, 0>' requested here
  327 |     EXL3_CASE(4, 0) EXL3_CASE(4, 1) EXL3_CASE(6, 0) EXL3_CASE(6, 1)
      |                                     ^
/home/yanchun/Projects/exl3xpu/csrc/exl3_ops.sycl:323:45: note: expanded from macro 'EXL3_CASE'
  323 |                                           : dispatch_dpas<KK, CC>(MB, xh, trellis, shard_of_nb, part, M, Kdim, N, P, rps, q);
      |                                             ^
/opt/intel/oneapi/compiler/2026.0/bin/compiler/../../include/sycl/handler.hpp:1542:28: note: 'parallel_for' has been explicitly marked deprecated here
 1542 |       PropertiesT>::value> parallel_for(nd_range<Dims> Range,
      |                            ^
/home/yanchun/Projects/exl3xpu/csrc/exl3_ops.sycl:122:44: warning: 'parallel_for<sycl::detail::auto_name, exl3::DpasKernel<6, 0, 48, 2>, sycl::ext::oneapi::experimental::properties<sycl::ext::oneapi::experimental::detail::properties_type_list<sycl::ext::oneapi::experimental::property_value<sycl::ext::intel::experimental::grf_size_key, std::integral_constant<unsigned int, 256>>>>, 1>' is deprecated: To specify properties, use a launch configuration object of type launch_config or a kernel functor with a get(sycl::ext::oneapi::experimental::properties_tag) member function instead. [-Wdeprecated-declarations]
  122 |         q.submit([&](sycl::handler& h) { h.parallel_for(sycl::nd_range<1>(round_up(n, local), local), props, k); });
      |                                            ^
/opt/intel/oneapi/compiler/2026.0/bin/compiler/../../include/sycl/handler.hpp:1537:3: note: 'parallel_for<sycl::detail::auto_name, exl3::DpasKernel<6, 0, 48, 2>, sycl::ext::oneapi::experimental::properties<sycl::ext::oneapi::experimental::detail::properties_type_list<sycl::ext::oneapi::experimental::property_value<sycl::ext::intel::experimental::grf_size_key, std::integral_constant<unsigned int, 256>>>>, 1>' has been explicitly marked deprecated here
 1537 |   __SYCL_DEPRECATED("To specify properties, use a launch configuration object "
      |   ^
/opt/intel/oneapi/compiler/2026.0/bin/compiler/../../include/sycl/detail/defines_elementary.hpp:62:38: note: expanded from macro '__SYCL_DEPRECATED'
   62 | #define __SYCL_DEPRECATED(message) [[deprecated(message)]]
      |                                      ^
/home/yanchun/Projects/exl3xpu/csrc/exl3_ops.sycl:122:44: warning: 'parallel_for' is deprecated: To specify properties, use a launch configuration object of type launch_config or a kernel functor with a get(sycl::ext::oneapi::experimental::properties_tag) member function instead. [-Wdeprecated-declarations]
  122 |         q.submit([&](sycl::handler& h) { h.parallel_for(sycl::nd_range<1>(round_up(n, local), local), props, k); });
      |                                            ^
/home/yanchun/Projects/exl3xpu/csrc/exl3_ops.sycl:122:40: note: while substituting into a lambda expression here
  122 |         q.submit([&](sycl::handler& h) { h.parallel_for(sycl::nd_range<1>(round_up(n, local), local), props, k); });
      |                                        ^
/home/yanchun/Projects/exl3xpu/csrc/exl3_ops.sycl:163:18: note: in instantiation of function template specialization 'launch_dpas<6, 0, 64, 2>' requested here
  163 |         case 64: launch_dpas<K, CB, 64, EXL3_DPAS64_NT>(xh, tr, shard, part, M, Kdim, N, P, rps, q); return true;
      |                  ^
/home/yanchun/Projects/exl3xpu/csrc/exl3_ops.sycl:327:37: note: in instantiation of function template specialization 'dispatch_dpas<6, 0>' requested here
  327 |     EXL3_CASE(4, 0) EXL3_CASE(4, 1) EXL3_CASE(6, 0) EXL3_CASE(6, 1)
      |                                     ^
/home/yanchun/Projects/exl3xpu/csrc/exl3_ops.sycl:323:45: note: expanded from macro 'EXL3_CASE'
  323 |                                           : dispatch_dpas<KK, CC>(MB, xh, trellis, shard_of_nb, part, M, Kdim, N, P, rps, q);
      |                                             ^
/opt/intel/oneapi/compiler/2026.0/bin/compiler/../../include/sycl/handler.hpp:1542:28: note: 'parallel_for' has been explicitly marked deprecated here
 1542 |       PropertiesT>::value> parallel_for(nd_range<Dims> Range,
      |                            ^
/home/yanchun/Projects/exl3xpu/csrc/exl3_ops.sycl:122:44: warning: 'parallel_for<sycl::detail::auto_name, exl3::DpasKernel<6, 0, 64, 2>, sycl::ext::oneapi::experimental::properties<sycl::ext::oneapi::experimental::detail::properties_type_list<sycl::ext::oneapi::experimental::property_value<sycl::ext::intel::experimental::grf_size_key, std::integral_constant<unsigned int, 256>>>>, 1>' is deprecated: To specify properties, use a launch configuration object of type launch_config or a kernel functor with a get(sycl::ext::oneapi::experimental::properties_tag) member function instead. [-Wdeprecated-declarations]
  122 |         q.submit([&](sycl::handler& h) { h.parallel_for(sycl::nd_range<1>(round_up(n, local), local), props, k); });
      |                                            ^
/opt/intel/oneapi/compiler/2026.0/bin/compiler/../../include/sycl/handler.hpp:1537:3: note: 'parallel_for<sycl::detail::auto_name, exl3::DpasKernel<6, 0, 64, 2>, sycl::ext::oneapi::experimental::properties<sycl::ext::oneapi::experimental::detail::properties_type_list<sycl::ext::oneapi::experimental::property_value<sycl::ext::intel::experimental::grf_size_key, std::integral_constant<unsigned int, 256>>>>, 1>' has been explicitly marked deprecated here
 1537 |   __SYCL_DEPRECATED("To specify properties, use a launch configuration object "
      |   ^
/opt/intel/oneapi/compiler/2026.0/bin/compiler/../../include/sycl/detail/defines_elementary.hpp:62:38: note: expanded from macro '__SYCL_DEPRECATED'
   62 | #define __SYCL_DEPRECATED(message) [[deprecated(message)]]
      |                                      ^
/home/yanchun/Projects/exl3xpu/csrc/exl3_ops.sycl:122:44: warning: 'parallel_for' is deprecated: To specify properties, use a launch configuration object of type launch_config or a kernel functor with a get(sycl::ext::oneapi::experimental::properties_tag) member function instead. [-Wdeprecated-declarations]
  122 |         q.submit([&](sycl::handler& h) { h.parallel_for(sycl::nd_range<1>(round_up(n, local), local), props, k); });
      |                                            ^
/home/yanchun/Projects/exl3xpu/csrc/exl3_ops.sycl:122:40: note: while substituting into a lambda expression here
  122 |         q.submit([&](sycl::handler& h) { h.parallel_for(sycl::nd_range<1>(round_up(n, local), local), props, k); });
      |                                        ^
/home/yanchun/Projects/exl3xpu/csrc/exl3_ops.sycl:157:18: note: in instantiation of function template specialization 'launch_dpas<6, 1, 40, 2>' requested here
  157 |         case 40: launch_dpas<K, CB, 40, 2>(xh, tr, shard, part, M, Kdim, N, P, rps, q); return true;
      |                  ^
/home/yanchun/Projects/exl3xpu/csrc/exl3_ops.sycl:327:53: note: in instantiation of function template specialization 'dispatch_dpas<6, 1>' requested here
  327 |     EXL3_CASE(4, 0) EXL3_CASE(4, 1) EXL3_CASE(6, 0) EXL3_CASE(6, 1)
      |                                                     ^
/home/yanchun/Projects/exl3xpu/csrc/exl3_ops.sycl:323:45: note: expanded from macro 'EXL3_CASE'
  323 |                                           : dispatch_dpas<KK, CC>(MB, xh, trellis, shard_of_nb, part, M, Kdim, N, P, rps, q);
      |                                             ^
/opt/intel/oneapi/compiler/2026.0/bin/compiler/../../include/sycl/handler.hpp:1542:28: note: 'parallel_for' has been explicitly marked deprecated here
 1542 |       PropertiesT>::value> parallel_for(nd_range<Dims> Range,
      |                            ^
/home/yanchun/Projects/exl3xpu/csrc/exl3_ops.sycl:122:44: warning: 'parallel_for<sycl::detail::auto_name, exl3::DpasKernel<6, 1, 40, 2>, sycl::ext::oneapi::experimental::properties<sycl::ext::oneapi::experimental::detail::properties_type_list<sycl::ext::oneapi::experimental::property_value<sycl::ext::intel::experimental::grf_size_key, std::integral_constant<unsigned int, 256>>>>, 1>' is deprecated: To specify properties, use a launch configuration object of type launch_config or a kernel functor with a get(sycl::ext::oneapi::experimental::properties_tag) member function instead. [-Wdeprecated-declarations]
  122 |         q.submit([&](sycl::handler& h) { h.parallel_for(sycl::nd_range<1>(round_up(n, local), local), props, k); });
      |                                            ^
/opt/intel/oneapi/compiler/2026.0/bin/compiler/../../include/sycl/handler.hpp:1537:3: note: 'parallel_for<sycl::detail::auto_name, exl3::DpasKernel<6, 1, 40, 2>, sycl::ext::oneapi::experimental::properties<sycl::ext::oneapi::experimental::detail::properties_type_list<sycl::ext::oneapi::experimental::property_value<sycl::ext::intel::experimental::grf_size_key, std::integral_constant<unsigned int, 256>>>>, 1>' has been explicitly marked deprecated here
 1537 |   __SYCL_DEPRECATED("To specify properties, use a launch configuration object "
      |   ^
/opt/intel/oneapi/compiler/2026.0/bin/compiler/../../include/sycl/detail/defines_elementary.hpp:62:38: note: expanded from macro '__SYCL_DEPRECATED'
   62 | #define __SYCL_DEPRECATED(message) [[deprecated(message)]]
      |                                      ^
/home/yanchun/Projects/exl3xpu/csrc/exl3_ops.sycl:122:44: warning: 'parallel_for' is deprecated: To specify properties, use a launch configuration object of type launch_config or a kernel functor with a get(sycl::ext::oneapi::experimental::properties_tag) member function instead. [-Wdeprecated-declarations]
  122 |         q.submit([&](sycl::handler& h) { h.parallel_for(sycl::nd_range<1>(round_up(n, local), local), props, k); });
      |                                            ^
/home/yanchun/Projects/exl3xpu/csrc/exl3_ops.sycl:122:40: note: while substituting into a lambda expression here
  122 |         q.submit([&](sycl::handler& h) { h.parallel_for(sycl::nd_range<1>(round_up(n, local), local), props, k); });
      |                                        ^
/home/yanchun/Projects/exl3xpu/csrc/exl3_ops.sycl:158:18: note: in instantiation of function template specialization 'launch_dpas<6, 1, 48, 2>' requested here
  158 |         case 48: launch_dpas<K, CB, 48, 2>(xh, tr, shard, part, M, Kdim, N, P, rps, q); return true;
      |                  ^
/home/yanchun/Projects/exl3xpu/csrc/exl3_ops.sycl:327:53: note: in instantiation of function template specialization 'dispatch_dpas<6, 1>' requested here
  327 |     EXL3_CASE(4, 0) EXL3_CASE(4, 1) EXL3_CASE(6, 0) EXL3_CASE(6, 1)
      |                                                     ^
/home/yanchun/Projects/exl3xpu/csrc/exl3_ops.sycl:323:45: note: expanded from macro 'EXL3_CASE'
  323 |                                           : dispatch_dpas<KK, CC>(MB, xh, trellis, shard_of_nb, part, M, Kdim, N, P, rps, q);
      |                                             ^
/opt/intel/oneapi/compiler/2026.0/bin/compiler/../../include/sycl/handler.hpp:1542:28: note: 'parallel_for' has been explicitly marked deprecated here
 1542 |       PropertiesT>::value> parallel_for(nd_range<Dims> Range,
      |                            ^
/home/yanchun/Projects/exl3xpu/csrc/exl3_ops.sycl:122:44: warning: 'parallel_for<sycl::detail::auto_name, exl3::DpasKernel<6, 1, 48, 2>, sycl::ext::oneapi::experimental::properties<sycl::ext::oneapi::experimental::detail::properties_type_list<sycl::ext::oneapi::experimental::property_value<sycl::ext::intel::experimental::grf_size_key, std::integral_constant<unsigned int, 256>>>>, 1>' is deprecated: To specify properties, use a launch configuration object of type launch_config or a kernel functor with a get(sycl::ext::oneapi::experimental::properties_tag) member function instead. [-Wdeprecated-declarations]
  122 |         q.submit([&](sycl::handler& h) { h.parallel_for(sycl::nd_range<1>(round_up(n, local), local), props, k); });
      |                                            ^
/opt/intel/oneapi/compiler/2026.0/bin/compiler/../../include/sycl/handler.hpp:1537:3: note: 'parallel_for<sycl::detail::auto_name, exl3::DpasKernel<6, 1, 48, 2>, sycl::ext::oneapi::experimental::properties<sycl::ext::oneapi::experimental::detail::properties_type_list<sycl::ext::oneapi::experimental::property_value<sycl::ext::intel::experimental::grf_size_key, std::integral_constant<unsigned int, 256>>>>, 1>' has been explicitly marked deprecated here
 1537 |   __SYCL_DEPRECATED("To specify properties, use a launch configuration object "
      |   ^
/opt/intel/oneapi/compiler/2026.0/bin/compiler/../../include/sycl/detail/defines_elementary.hpp:62:38: note: expanded from macro '__SYCL_DEPRECATED'
   62 | #define __SYCL_DEPRECATED(message) [[deprecated(message)]]
      |                                      ^
/home/yanchun/Projects/exl3xpu/csrc/exl3_ops.sycl:122:44: warning: 'parallel_for' is deprecated: To specify properties, use a launch configuration object of type launch_config or a kernel functor with a get(sycl::ext::oneapi::experimental::properties_tag) member function instead. [-Wdeprecated-declarations]
  122 |         q.submit([&](sycl::handler& h) { h.parallel_for(sycl::nd_range<1>(round_up(n, local), local), props, k); });
      |                                            ^
/home/yanchun/Projects/exl3xpu/csrc/exl3_ops.sycl:122:40: note: while substituting into a lambda expression here
  122 |         q.submit([&](sycl::handler& h) { h.parallel_for(sycl::nd_range<1>(round_up(n, local), local), props, k); });
      |                                        ^
/home/yanchun/Projects/exl3xpu/csrc/exl3_ops.sycl:163:18: note: in instantiation of function template specialization 'launch_dpas<6, 1, 64, 2>' requested here
  163 |         case 64: launch_dpas<K, CB, 64, EXL3_DPAS64_NT>(xh, tr, shard, part, M, Kdim, N, P, rps, q); return true;
      |                  ^
/home/yanchun/Projects/exl3xpu/csrc/exl3_ops.sycl:327:53: note: in instantiation of function template specialization 'dispatch_dpas<6, 1>' requested here
  327 |     EXL3_CASE(4, 0) EXL3_CASE(4, 1) EXL3_CASE(6, 0) EXL3_CASE(6, 1)
      |                                                     ^
/home/yanchun/Projects/exl3xpu/csrc/exl3_ops.sycl:323:45: note: expanded from macro 'EXL3_CASE'
  323 |                                           : dispatch_dpas<KK, CC>(MB, xh, trellis, shard_of_nb, part, M, Kdim, N, P, rps, q);
      |                                             ^
/opt/intel/oneapi/compiler/2026.0/bin/compiler/../../include/sycl/handler.hpp:1542:28: note: 'parallel_for' has been explicitly marked deprecated here
 1542 |       PropertiesT>::value> parallel_for(nd_range<Dims> Range,
      |                            ^
/home/yanchun/Projects/exl3xpu/csrc/exl3_ops.sycl:122:44: warning: 'parallel_for<sycl::detail::auto_name, exl3::DpasKernel<6, 1, 64, 2>, sycl::ext::oneapi::experimental::properties<sycl::ext::oneapi::experimental::detail::properties_type_list<sycl::ext::oneapi::experimental::property_value<sycl::ext::intel::experimental::grf_size_key, std::integral_constant<unsigned int, 256>>>>, 1>' is deprecated: To specify properties, use a launch configuration object of type launch_config or a kernel functor with a get(sycl::ext::oneapi::experimental::properties_tag) member function instead. [-Wdeprecated-declarations]
  122 |         q.submit([&](sycl::handler& h) { h.parallel_for(sycl::nd_range<1>(round_up(n, local), local), props, k); });
      |                                            ^
/opt/intel/oneapi/compiler/2026.0/bin/compiler/../../include/sycl/handler.hpp:1537:3: note: 'parallel_for<sycl::detail::auto_name, exl3::DpasKernel<6, 1, 64, 2>, sycl::ext::oneapi::experimental::properties<sycl::ext::oneapi::experimental::detail::properties_type_list<sycl::ext::oneapi::experimental::property_value<sycl::ext::intel::experimental::grf_size_key, std::integral_constant<unsigned int, 256>>>>, 1>' has been explicitly marked deprecated here
 1537 |   __SYCL_DEPRECATED("To specify properties, use a launch configuration object "
      |   ^
/opt/intel/oneapi/compiler/2026.0/bin/compiler/../../include/sycl/detail/defines_elementary.hpp:62:38: note: expanded from macro '__SYCL_DEPRECATED'
   62 | #define __SYCL_DEPRECATED(message) [[deprecated(message)]]
      |                                      ^
89 warnings generated.
In file included from /home/yanchun/Projects/exl3xpu/csrc/exl3_ops.sycl:3:
In file included from /home/yanchun/Projects/vllm.xpu/.venv/lib/python3.12/site-packages/torch/include/torch/csrc/api/include/torch/all.h:8:
In file included from /home/yanchun/Projects/vllm.xpu/.venv/lib/python3.12/site-packages/torch/include/torch/csrc/api/include/torch/autograd.h:4:
In file included from /home/yanchun/Projects/vllm.xpu/.venv/lib/python3.12/site-packages/torch/include/torch/csrc/autograd/autograd.h:4:
In file included from /home/yanchun/Projects/vllm.xpu/.venv/lib/python3.12/site-packages/torch/include/torch/csrc/autograd/variable.h:7:
In file included from /home/yanchun/Projects/vllm.xpu/.venv/lib/python3.12/site-packages/torch/include/torch/csrc/autograd/cpp_hook.h:3:
In file included from /home/yanchun/Projects/vllm.xpu/.venv/lib/python3.12/site-packages/torch/include/torch/csrc/autograd/function_hook.h:4:
In file included from /home/yanchun/Projects/vllm.xpu/.venv/lib/python3.12/site-packages/torch/include/ATen/Tensor.h:4:
In file included from /home/yanchun/Projects/vllm.xpu/.venv/lib/python3.12/site-packages/torch/include/ATen/core/Tensor.h:4:
In file included from /home/yanchun/Projects/vllm.xpu/.venv/lib/python3.12/site-packages/torch/include/ATen/core/TensorBody.h:17:
In file included from /home/yanchun/Projects/vllm.xpu/.venv/lib/python3.12/site-packages/torch/include/c10/core/Scalar.h:10:
In file included from /home/yanchun/Projects/vllm.xpu/.venv/lib/python3.12/site-packages/torch/include/c10/core/ScalarType.h:4:
In file included from /home/yanchun/Projects/vllm.xpu/.venv/lib/python3.12/site-packages/torch/include/c10/util/BFloat16.h:2:
/home/yanchun/Projects/vllm.xpu/.venv/lib/python3.12/site-packages/torch/include/torch/headeronly/util/BFloat16.h:106:7: warning: use of NaN is undefined behavior due to the currently enabled floating-point options [-Wnan-infinity-disabled]
  106 |   if (std::isnan(src)) {
      |       ^~~~~~~~~~~~~~~
In file included from /home/yanchun/Projects/exl3xpu/csrc/exl3_ops.sycl:3:
In file included from /home/yanchun/Projects/vllm.xpu/.venv/lib/python3.12/site-packages/torch/include/torch/csrc/api/include/torch/all.h:8:
In file included from /home/yanchun/Projects/vllm.xpu/.venv/lib/python3.12/site-packages/torch/include/torch/csrc/api/include/torch/autograd.h:4:
In file included from /home/yanchun/Projects/vllm.xpu/.venv/lib/python3.12/site-packages/torch/include/torch/csrc/autograd/autograd.h:4:
In file included from /home/yanchun/Projects/vllm.xpu/.venv/lib/python3.12/site-packages/torch/include/torch/csrc/autograd/variable.h:7:
In file included from /home/yanchun/Projects/vllm.xpu/.venv/lib/python3.12/site-packages/torch/include/torch/csrc/autograd/cpp_hook.h:3:
In file included from /home/yanchun/Projects/vllm.xpu/.venv/lib/python3.12/site-packages/torch/include/torch/csrc/autograd/function_hook.h:4:
In file included from /home/yanchun/Projects/vllm.xpu/.venv/lib/python3.12/site-packages/torch/include/ATen/Tensor.h:4:
In file included from /home/yanchun/Projects/vllm.xpu/.venv/lib/python3.12/site-packages/torch/include/ATen/core/Tensor.h:4:
In file included from /home/yanchun/Projects/vllm.xpu/.venv/lib/python3.12/site-packages/torch/include/ATen/core/TensorBody.h:17:
In file included from /home/yanchun/Projects/vllm.xpu/.venv/lib/python3.12/site-packages/torch/include/c10/core/Scalar.h:19:
In file included from /home/yanchun/Projects/vllm.xpu/.venv/lib/python3.12/site-packages/torch/include/c10/util/TypeCast.h:12:
/home/yanchun/Projects/vllm.xpu/.venv/lib/python3.12/site-packages/torch/include/c10/util/overflows.h:66:30: warning: use of infinity is undefined behavior due to the currently enabled floating-point options [-Wnan-infinity-disabled]
   66 |   if (limit::has_infinity && std::isinf(static_cast<double>(f))) {
      |                              ^~~~~~~~~~~~~~~~~~~~~~~~~~~~~~~~~~
In file included from /home/yanchun/Projects/exl3xpu/csrc/exl3_ops.sycl:3:
In file included from /home/yanchun/Projects/vllm.xpu/.venv/lib/python3.12/site-packages/torch/include/torch/csrc/api/include/torch/all.h:8:
In file included from /home/yanchun/Projects/vllm.xpu/.venv/lib/python3.12/site-packages/torch/include/torch/csrc/api/include/torch/autograd.h:4:
In file included from /home/yanchun/Projects/vllm.xpu/.venv/lib/python3.12/site-packages/torch/include/torch/csrc/autograd/autograd.h:4:
In file included from /home/yanchun/Projects/vllm.xpu/.venv/lib/python3.12/site-packages/torch/include/torch/csrc/autograd/variable.h:7:
In file included from /home/yanchun/Projects/vllm.xpu/.venv/lib/python3.12/site-packages/torch/include/torch/csrc/autograd/cpp_hook.h:3:
In file included from /home/yanchun/Projects/vllm.xpu/.venv/lib/python3.12/site-packages/torch/include/torch/csrc/autograd/function_hook.h:4:
In file included from /home/yanchun/Projects/vllm.xpu/.venv/lib/python3.12/site-packages/torch/include/ATen/Tensor.h:4:
In file included from /home/yanchun/Projects/vllm.xpu/.venv/lib/python3.12/site-packages/torch/include/ATen/core/Tensor.h:4:
In file included from /home/yanchun/Projects/vllm.xpu/.venv/lib/python3.12/site-packages/torch/include/ATen/core/TensorBody.h:21:
In file included from /home/yanchun/Projects/vllm.xpu/.venv/lib/python3.12/site-packages/torch/include/c10/core/TensorImpl.h:9:
In file included from /home/yanchun/Projects/vllm.xpu/.venv/lib/python3.12/site-packages/torch/include/c10/core/InferenceMode.h:4:
/home/yanchun/Projects/vllm.xpu/.venv/lib/python3.12/site-packages/torch/include/c10/core/AutogradState.h:89:33: warning: default member initializer for bit-field is a C++20 extension [-Wc++20-extensions]
   89 |   bool view_replay_enabled_ : 1 = false;
      |                                 ^
/home/yanchun/Projects/vllm.xpu/.venv/lib/python3.12/site-packages/torch/include/c10/core/AutogradState.h:90:45: warning: default member initializer for bit-field is a C++20 extension [-Wc++20-extensions]
   90 |   bool grad_layout_enforcement_enabled_ : 1 = true;
      |                                             ^
In file included from /home/yanchun/Projects/exl3xpu/csrc/exl3_ops.sycl:3:
In file included from /home/yanchun/Projects/vllm.xpu/.venv/lib/python3.12/site-packages/torch/include/torch/csrc/api/include/torch/all.h:16:
In file included from /home/yanchun/Projects/vllm.xpu/.venv/lib/python3.12/site-packages/torch/include/torch/csrc/api/include/torch/nn.h:5:
In file included from /home/yanchun/Projects/vllm.xpu/.venv/lib/python3.12/site-packages/torch/include/torch/csrc/api/include/torch/nn/functional.h:12:
In file included from /home/yanchun/Projects/vllm.xpu/.venv/lib/python3.12/site-packages/torch/include/torch/csrc/api/include/torch/nn/functional/loss.h:5:
/home/yanchun/Projects/vllm.xpu/.venv/lib/python3.12/site-packages/torch/include/torch/csrc/api/include/torch/nn/functional/activation.h:900:16: warning: use of infinity is undefined behavior due to the currently enabled floating-point options [-Wnan-infinity-disabled]
  900 |               -std::numeric_limits<scalar_t>::infinity());
      |                ^~~~~~~~~~~~~~~~~~~~~~~~~~~~~~~~~~~~~~~~~
/home/yanchun/Projects/vllm.xpu/.venv/lib/python3.12/site-packages/torch/include/ATen/Dispatch.h:197:66: note: expanded from macro 'AT_DISPATCH_FLOATING_TYPES'
  197 |   AT_DISPATCH_SWITCH(TYPE, NAME, AT_DISPATCH_CASE_FLOATING_TYPES(__VA_ARGS__))
      |                                                                  ^~~~~~~~~~~
/home/yanchun/Projects/vllm.xpu/.venv/lib/python3.12/site-packages/torch/include/ATen/Dispatch.h:193:44: note: expanded from macro 'AT_DISPATCH_CASE_FLOATING_TYPES'
  193 |   AT_DISPATCH_CASE(at::ScalarType::Double, __VA_ARGS__) \
      |                                            ^~~~~~~~~~~
/home/yanchun/Projects/vllm.xpu/.venv/lib/python3.12/site-packages/torch/include/ATen/Dispatch.h:71:56: note: expanded from macro 'AT_DISPATCH_CASE'
   71 |   AT_PRIVATE_CASE_TYPE_USING_HINT(enum_type, scalar_t, __VA_ARGS__)
      |                                                        ^~~~~~~~~~~
note: (skipping 1 expansions in backtrace; use -fmacro-backtrace-limit=0 to see all)
/home/yanchun/Projects/vllm.xpu/.venv/lib/python3.12/site-packages/torch/include/torch/headeronly/core/Dispatch.h:13:12: note: expanded from macro 'THO_PRIVATE_CASE_TYPE_USING_HINT_TMPL'
   13 |     return __VA_ARGS__();                                                    \
      |            ^~~~~~~~~~~
/home/yanchun/Projects/vllm.xpu/.venv/lib/python3.12/site-packages/torch/include/ATen/Dispatch.h:190:7: note: expanded from macro 'AT_DISPATCH_SWITCH'
  190 |       __VA_ARGS__)
      |       ^~~~~~~~~~~
/home/yanchun/Projects/vllm.xpu/.venv/lib/python3.12/site-packages/torch/include/torch/headeronly/core/Dispatch.h:40:7: note: expanded from macro 'THO_DISPATCH_SWITCH_TMPL'
   40 |       __VA_ARGS__                                                           \
      |       ^~~~~~~~~~~
In file included from /home/yanchun/Projects/exl3xpu/csrc/exl3_ops.sycl:3:
In file included from /home/yanchun/Projects/vllm.xpu/.venv/lib/python3.12/site-packages/torch/include/torch/csrc/api/include/torch/all.h:16:
In file included from /home/yanchun/Projects/vllm.xpu/.venv/lib/python3.12/site-packages/torch/include/torch/csrc/api/include/torch/nn.h:5:
In file included from /home/yanchun/Projects/vllm.xpu/.venv/lib/python3.12/site-packages/torch/include/torch/csrc/api/include/torch/nn/functional.h:12:
In file included from /home/yanchun/Projects/vllm.xpu/.venv/lib/python3.12/site-packages/torch/include/torch/csrc/api/include/torch/nn/functional/loss.h:5:
/home/yanchun/Projects/vllm.xpu/.venv/lib/python3.12/site-packages/torch/include/torch/csrc/api/include/torch/nn/functional/activation.h:900:16: warning: use of infinity is undefined behavior due to the currently enabled floating-point options [-Wnan-infinity-disabled]
  900 |               -std::numeric_limits<scalar_t>::infinity());
      |                ^~~~~~~~~~~~~~~~~~~~~~~~~~~~~~~~~~~~~~~~~
/home/yanchun/Projects/vllm.xpu/.venv/lib/python3.12/site-packages/torch/include/ATen/Dispatch.h:197:66: note: expanded from macro 'AT_DISPATCH_FLOATING_TYPES'
  197 |   AT_DISPATCH_SWITCH(TYPE, NAME, AT_DISPATCH_CASE_FLOATING_TYPES(__VA_ARGS__))
      |                                                                  ^~~~~~~~~~~
/home/yanchun/Projects/vllm.xpu/.venv/lib/python3.12/site-packages/torch/include/ATen/Dispatch.h:194:43: note: expanded from macro 'AT_DISPATCH_CASE_FLOATING_TYPES'
  194 |   AT_DISPATCH_CASE(at::ScalarType::Float, __VA_ARGS__)
      |                                           ^~~~~~~~~~~
/home/yanchun/Projects/vllm.xpu/.venv/lib/python3.12/site-packages/torch/include/ATen/Dispatch.h:71:56: note: expanded from macro 'AT_DISPATCH_CASE'
   71 |   AT_PRIVATE_CASE_TYPE_USING_HINT(enum_type, scalar_t, __VA_ARGS__)
      |                                                        ^~~~~~~~~~~
note: (skipping 1 expansions in backtrace; use -fmacro-backtrace-limit=0 to see all)
/home/yanchun/Projects/vllm.xpu/.venv/lib/python3.12/site-packages/torch/include/torch/headeronly/core/Dispatch.h:13:12: note: expanded from macro 'THO_PRIVATE_CASE_TYPE_USING_HINT_TMPL'
   13 |     return __VA_ARGS__();                                                    \
      |            ^~~~~~~~~~~
/home/yanchun/Projects/vllm.xpu/.venv/lib/python3.12/site-packages/torch/include/ATen/Dispatch.h:190:7: note: expanded from macro 'AT_DISPATCH_SWITCH'
  190 |       __VA_ARGS__)
      |       ^~~~~~~~~~~
/home/yanchun/Projects/vllm.xpu/.venv/lib/python3.12/site-packages/torch/include/torch/headeronly/core/Dispatch.h:40:7: note: expanded from macro 'THO_DISPATCH_SWITCH_TMPL'
   40 |       __VA_ARGS__                                                           \
      |       ^~~~~~~~~~~
In file included from /home/yanchun/Projects/exl3xpu/csrc/exl3_ops.sycl:3:
In file included from /home/yanchun/Projects/vllm.xpu/.venv/lib/python3.12/site-packages/torch/include/torch/csrc/api/include/torch/all.h:16:
In file included from /home/yanchun/Projects/vllm.xpu/.venv/lib/python3.12/site-packages/torch/include/torch/csrc/api/include/torch/nn.h:11:
In file included from /home/yanchun/Projects/vllm.xpu/.venv/lib/python3.12/site-packages/torch/include/torch/csrc/api/include/torch/nn/utils.h:4:
/home/yanchun/Projects/vllm.xpu/.venv/lib/python3.12/site-packages/torch/include/torch/csrc/api/include/torch/nn/utils/clip_grad.h:41:20: warning: use of infinity is undefined behavior due to the currently enabled floating-point options [-Wnan-infinity-disabled]
   41 |   if (norm_type == std::numeric_limits<double>::infinity()) {
      |                    ^~~~~~~~~~~~~~~~~~~~~~~~~~~~~~~~~~~~~~~
/home/yanchun/Projects/vllm.xpu/.venv/lib/python3.12/site-packages/torch/include/torch/csrc/api/include/torch/nn/utils/clip_grad.h:72:9: warning: use of infinity is undefined behavior due to the currently enabled floating-point options [-Wnan-infinity-disabled]
   72 |         std::isfinite(*total_norm),
      |         ^~~~~~~~~~~~~~~~~~~~~~~~~~
/home/yanchun/Projects/vllm.xpu/.venv/lib/python3.12/site-packages/torch/include/c10/util/Exception.h:627:31: note: expanded from macro 'TORCH_CHECK'
  627 |   if (C10_UNLIKELY_OR_CONST(!(cond))) {            \
      |                               ^~~~
/home/yanchun/Projects/vllm.xpu/.venv/lib/python3.12/site-packages/torch/include/torch/headeronly/util/Exception.h:28:47: note: expanded from macro 'C10_UNLIKELY_OR_CONST'
   28 | #define C10_UNLIKELY_OR_CONST(e) C10_UNLIKELY(e)
      |                                               ^
/home/yanchun/Projects/vllm.xpu/.venv/lib/python3.12/site-packages/torch/include/torch/headeronly/macros/Macros.h:202:64: note: expanded from macro 'C10_UNLIKELY'
  202 | #define C10_UNLIKELY(expr) (__builtin_expect(static_cast<bool>(expr), 0))
      |                                                                ^~~~
In file included from /home/yanchun/Projects/exl3xpu/csrc/exl3_ops.sycl:7:
/home/yanchun/Projects/exl3xpu/csrc/fa_esimd.h:65:30: warning: use of infinity via a macro is undefined behavior due to the currently enabled floating-point options [-Wnan-infinity-disabled]
   65 |         simd<float, QR> m = -INFINITY, l = 0.0f;
      |                              ^
/home/yanchun/Projects/exl3xpu/csrc/fa_esimd.h:106:51: warning: use of infinity via a macro is undefined behavior due to the currently enabled floating-point options [-Wnan-infinity-disabled]
  106 |                         sv.merge(simd<float, KT>(-INFINITY), kj > lim);
      |                                                   ^
/home/yanchun/Projects/exl3xpu/csrc/fa_esimd.h:65:30: warning: use of infinity is undefined behavior due to the currently enabled floating-point options [-Wnan-infinity-disabled]
   65 |         simd<float, QR> m = -INFINITY, l = 0.0f;
      |                              ^~~~~~~~
/usr/include/math.h:93:22: note: expanded from macro 'INFINITY'
   93 | #   define INFINITY (__builtin_inff ())
      |                      ^~~~~~~~~~~~~~~~~
In file included from /home/yanchun/Projects/exl3xpu/csrc/exl3_ops.sycl:7:
/home/yanchun/Projects/exl3xpu/csrc/fa_esimd.h:106:51: warning: use of infinity is undefined behavior due to the currently enabled floating-point options [-Wnan-infinity-disabled]
  106 |                         sv.merge(simd<float, KT>(-INFINITY), kj > lim);
      |                                                   ^~~~~~~~
/usr/include/math.h:93:22: note: expanded from macro 'INFINITY'
   93 | #   define INFINITY (__builtin_inff ())
      |                      ^~~~~~~~~~~~~~~~~
/home/yanchun/Projects/exl3xpu/csrc/exl3_ops.sycl:644:41: warning: 'parallel_for' is deprecated: To specify properties, use a launch configuration object of type launch_config or a kernel functor with a get(sycl::ext::oneapi::experimental::properties_tag) member function instead. [-Wdeprecated-declarations]
  644 |     qq.submit([&](sycl::handler& h) { h.parallel_for(sycl::nd_range<1>(n, G), props, kern); });
      |                                         ^
/opt/intel/oneapi/compiler/2026.0/bin/compiler/../../include/sycl/handler.hpp:1542:28: note: 'parallel_for' has been explicitly marked deprecated here
 1542 |       PropertiesT>::value> parallel_for(nd_range<Dims> Range,
      |                            ^
/home/yanchun/Projects/exl3xpu/csrc/exl3_ops.sycl:644:41: warning: 'parallel_for<sycl::detail::auto_name, exl3fa::FaKernel, sycl::ext::oneapi::experimental::properties<sycl::ext::oneapi::experimental::detail::properties_type_list<sycl::ext::oneapi::experimental::property_value<sycl::ext::intel::experimental::grf_size_key, std::integral_constant<unsigned int, 256>>>>, 1>' is deprecated: To specify properties, use a launch configuration object of type launch_config or a kernel functor with a get(sycl::ext::oneapi::experimental::properties_tag) member function instead. [-Wdeprecated-declarations]
  644 |     qq.submit([&](sycl::handler& h) { h.parallel_for(sycl::nd_range<1>(n, G), props, kern); });
      |                                         ^
/opt/intel/oneapi/compiler/2026.0/bin/compiler/../../include/sycl/handler.hpp:1537:3: note: 'parallel_for<sycl::detail::auto_name, exl3fa::FaKernel, sycl::ext::oneapi::experimental::properties<sycl::ext::oneapi::experimental::detail::properties_type_list<sycl::ext::oneapi::experimental::property_value<sycl::ext::intel::experimental::grf_size_key, std::integral_constant<unsigned int, 256>>>>, 1>' has been explicitly marked deprecated here
 1537 |   __SYCL_DEPRECATED("To specify properties, use a launch configuration object "
      |   ^
/opt/intel/oneapi/compiler/2026.0/bin/compiler/../../include/sycl/detail/defines_elementary.hpp:62:38: note: expanded from macro '__SYCL_DEPRECATED'
   62 | #define __SYCL_DEPRECATED(message) [[deprecated(message)]]
      |                                      ^
In file included from /home/yanchun/Projects/exl3xpu/csrc/exl3_ops.sycl:3:
In file included from /home/yanchun/Projects/vllm.xpu/.venv/lib/python3.12/site-packages/torch/include/torch/csrc/api/include/torch/all.h:8:
In file included from /home/yanchun/Projects/vllm.xpu/.venv/lib/python3.12/site-packages/torch/include/torch/csrc/api/include/torch/autograd.h:4:
In file included from /home/yanchun/Projects/vllm.xpu/.venv/lib/python3.12/site-packages/torch/include/torch/csrc/autograd/autograd.h:4:
In file included from /home/yanchun/Projects/vllm.xpu/.venv/lib/python3.12/site-packages/torch/include/torch/csrc/autograd/variable.h:7:
In file included from /home/yanchun/Projects/vllm.xpu/.venv/lib/python3.12/site-packages/torch/include/torch/csrc/autograd/cpp_hook.h:3:
In file included from /home/yanchun/Projects/vllm.xpu/.venv/lib/python3.12/site-packages/torch/include/torch/csrc/autograd/function_hook.h:4:
In file included from /home/yanchun/Projects/vllm.xpu/.venv/lib/python3.12/site-packages/torch/include/ATen/Tensor.h:4:
In file included from /home/yanchun/Projects/vllm.xpu/.venv/lib/python3.12/site-packages/torch/include/ATen/core/Tensor.h:4:
In file included from /home/yanchun/Projects/vllm.xpu/.venv/lib/python3.12/site-packages/torch/include/ATen/core/TensorBody.h:17:
In file included from /home/yanchun/Projects/vllm.xpu/.venv/lib/python3.12/site-packages/torch/include/c10/core/Scalar.h:19:
In file included from /home/yanchun/Projects/vllm.xpu/.venv/lib/python3.12/site-packages/torch/include/c10/util/TypeCast.h:12:
/home/yanchun/Projects/vllm.xpu/.venv/lib/python3.12/site-packages/torch/include/c10/util/overflows.h:66:30: warning: use of infinity is undefined behavior due to the currently enabled floating-point options [-Wnan-infinity-disabled]
   66 |   if (limit::has_infinity && std::isinf(static_cast<double>(f))) {
      |                              ^~~~~~~~~~~~~~~~~~~~~~~~~~~~~~~~~~
/home/yanchun/Projects/vllm.xpu/.venv/lib/python3.12/site-packages/torch/include/c10/util/TypeCast.h:197:36: note: in instantiation of function template specialization 'c10::overflows<unsigned char, double>' requested here
  197 |   if (!std::is_same_v<To, bool> && overflows<To, From>(f)) {
      |                                    ^
/home/yanchun/Projects/vllm.xpu/.venv/lib/python3.12/site-packages/torch/include/c10/core/Scalar.h:141:39: note: in instantiation of function template specialization 'c10::checked_convert<unsigned char, double>' requested here
  141 |   AT_FORALL_SCALAR_TYPES_WITH_COMPLEX(DEFINE_ACCESSOR)
      |                                       ^
/home/yanchun/Projects/vllm.xpu/.venv/lib/python3.12/site-packages/torch/include/torch/headeronly/core/ScalarType.h:82:3: note: expanded from macro 'AT_FORALL_SCALAR_TYPES_WITH_COMPLEX'
   82 |   _(uint8_t, Byte)                             \
      |   ^
/home/yanchun/Projects/vllm.xpu/.venv/lib/python3.12/site-packages/torch/include/c10/core/Scalar.h:117:14: note: expanded from macro 'DEFINE_ACCESSOR'
  117 |       return checked_convert<type, double>(v.d, #type);               \
      |              ^
In file included from /home/yanchun/Projects/exl3xpu/csrc/exl3_ops.sycl:3:
In file included from /home/yanchun/Projects/vllm.xpu/.venv/lib/python3.12/site-packages/torch/include/torch/csrc/api/include/torch/all.h:8:
In file included from /home/yanchun/Projects/vllm.xpu/.venv/lib/python3.12/site-packages/torch/include/torch/csrc/api/include/torch/autograd.h:4:
In file included from /home/yanchun/Projects/vllm.xpu/.venv/lib/python3.12/site-packages/torch/include/torch/csrc/autograd/autograd.h:4:
In file included from /home/yanchun/Projects/vllm.xpu/.venv/lib/python3.12/site-packages/torch/include/torch/csrc/autograd/variable.h:7:
In file included from /home/yanchun/Projects/vllm.xpu/.venv/lib/python3.12/site-packages/torch/include/torch/csrc/autograd/cpp_hook.h:3:
In file included from /home/yanchun/Projects/vllm.xpu/.venv/lib/python3.12/site-packages/torch/include/torch/csrc/autograd/function_hook.h:4:
In file included from /home/yanchun/Projects/vllm.xpu/.venv/lib/python3.12/site-packages/torch/include/ATen/Tensor.h:4:
In file included from /home/yanchun/Projects/vllm.xpu/.venv/lib/python3.12/site-packages/torch/include/ATen/core/Tensor.h:4:
In file included from /home/yanchun/Projects/vllm.xpu/.venv/lib/python3.12/site-packages/torch/include/ATen/core/TensorBody.h:17:
In file included from /home/yanchun/Projects/vllm.xpu/.venv/lib/python3.12/site-packages/torch/include/c10/core/Scalar.h:19:
In file included from /home/yanchun/Projects/vllm.xpu/.venv/lib/python3.12/site-packages/torch/include/c10/util/TypeCast.h:12:
/home/yanchun/Projects/vllm.xpu/.venv/lib/python3.12/site-packages/torch/include/c10/util/overflows.h:66:30: warning: use of infinity is undefined behavior due to the currently enabled floating-point options [-Wnan-infinity-disabled]
   66 |   if (limit::has_infinity && std::isinf(static_cast<double>(f))) {
      |                              ^~~~~~~~~~~~~~~~~~~~~~~~~~~~~~~~~~
/home/yanchun/Projects/vllm.xpu/.venv/lib/python3.12/site-packages/torch/include/c10/util/TypeCast.h:197:36: note: in instantiation of function template specialization 'c10::overflows<signed char, double>' requested here
  197 |   if (!std::is_same_v<To, bool> && overflows<To, From>(f)) {
      |                                    ^
/home/yanchun/Projects/vllm.xpu/.venv/lib/python3.12/site-packages/torch/include/c10/core/Scalar.h:141:39: note: in instantiation of function template specialization 'c10::checked_convert<signed char, double>' requested here
  141 |   AT_FORALL_SCALAR_TYPES_WITH_COMPLEX(DEFINE_ACCESSOR)
      |                                       ^
/home/yanchun/Projects/vllm.xpu/.venv/lib/python3.12/site-packages/torch/include/torch/headeronly/core/ScalarType.h:83:3: note: expanded from macro 'AT_FORALL_SCALAR_TYPES_WITH_COMPLEX'
   83 |   _(int8_t, Char)                              \
      |   ^
/home/yanchun/Projects/vllm.xpu/.venv/lib/python3.12/site-packages/torch/include/c10/core/Scalar.h:117:14: note: expanded from macro 'DEFINE_ACCESSOR'
  117 |       return checked_convert<type, double>(v.d, #type);               \
      |              ^
In file included from /home/yanchun/Projects/exl3xpu/csrc/exl3_ops.sycl:3:
In file included from /home/yanchun/Projects/vllm.xpu/.venv/lib/python3.12/site-packages/torch/include/torch/csrc/api/include/torch/all.h:8:
In file included from /home/yanchun/Projects/vllm.xpu/.venv/lib/python3.12/site-packages/torch/include/torch/csrc/api/include/torch/autograd.h:4:
In file included from /home/yanchun/Projects/vllm.xpu/.venv/lib/python3.12/site-packages/torch/include/torch/csrc/autograd/autograd.h:4:
In file included from /home/yanchun/Projects/vllm.xpu/.venv/lib/python3.12/site-packages/torch/include/torch/csrc/autograd/variable.h:7:
In file included from /home/yanchun/Projects/vllm.xpu/.venv/lib/python3.12/site-packages/torch/include/torch/csrc/autograd/cpp_hook.h:3:
In file included from /home/yanchun/Projects/vllm.xpu/.venv/lib/python3.12/site-packages/torch/include/torch/csrc/autograd/function_hook.h:4:
In file included from /home/yanchun/Projects/vllm.xpu/.venv/lib/python3.12/site-packages/torch/include/ATen/Tensor.h:4:
In file included from /home/yanchun/Projects/vllm.xpu/.venv/lib/python3.12/site-packages/torch/include/ATen/core/Tensor.h:4:
In file included from /home/yanchun/Projects/vllm.xpu/.venv/lib/python3.12/site-packages/torch/include/ATen/core/TensorBody.h:17:
In file included from /home/yanchun/Projects/vllm.xpu/.venv/lib/python3.12/site-packages/torch/include/c10/core/Scalar.h:19:
In file included from /home/yanchun/Projects/vllm.xpu/.venv/lib/python3.12/site-packages/torch/include/c10/util/TypeCast.h:12:
/home/yanchun/Projects/vllm.xpu/.venv/lib/python3.12/site-packages/torch/include/c10/util/overflows.h:66:30: warning: use of infinity is undefined behavior due to the currently enabled floating-point options [-Wnan-infinity-disabled]
   66 |   if (limit::has_infinity && std::isinf(static_cast<double>(f))) {
      |                              ^~~~~~~~~~~~~~~~~~~~~~~~~~~~~~~~~~
/home/yanchun/Projects/vllm.xpu/.venv/lib/python3.12/site-packages/torch/include/c10/util/TypeCast.h:197:36: note: in instantiation of function template specialization 'c10::overflows<short, double>' requested here
  197 |   if (!std::is_same_v<To, bool> && overflows<To, From>(f)) {
      |                                    ^
/home/yanchun/Projects/vllm.xpu/.venv/lib/python3.12/site-packages/torch/include/c10/core/Scalar.h:141:39: note: in instantiation of function template specialization 'c10::checked_convert<short, double>' requested here
  141 |   AT_FORALL_SCALAR_TYPES_WITH_COMPLEX(DEFINE_ACCESSOR)
      |                                       ^
/home/yanchun/Projects/vllm.xpu/.venv/lib/python3.12/site-packages/torch/include/torch/headeronly/core/ScalarType.h:84:3: note: expanded from macro 'AT_FORALL_SCALAR_TYPES_WITH_COMPLEX'
   84 |   _(int16_t, Short)                            \
      |   ^
/home/yanchun/Projects/vllm.xpu/.venv/lib/python3.12/site-packages/torch/include/c10/core/Scalar.h:117:14: note: expanded from macro 'DEFINE_ACCESSOR'
  117 |       return checked_convert<type, double>(v.d, #type);               \
      |              ^
In file included from /home/yanchun/Projects/exl3xpu/csrc/exl3_ops.sycl:3:
In file included from /home/yanchun/Projects/vllm.xpu/.venv/lib/python3.12/site-packages/torch/include/torch/csrc/api/include/torch/all.h:8:
In file included from /home/yanchun/Projects/vllm.xpu/.venv/lib/python3.12/site-packages/torch/include/torch/csrc/api/include/torch/autograd.h:4:
In file included from /home/yanchun/Projects/vllm.xpu/.venv/lib/python3.12/site-packages/torch/include/torch/csrc/autograd/autograd.h:4:
In file included from /home/yanchun/Projects/vllm.xpu/.venv/lib/python3.12/site-packages/torch/include/torch/csrc/autograd/variable.h:7:
In file included from /home/yanchun/Projects/vllm.xpu/.venv/lib/python3.12/site-packages/torch/include/torch/csrc/autograd/cpp_hook.h:3:
In file included from /home/yanchun/Projects/vllm.xpu/.venv/lib/python3.12/site-packages/torch/include/torch/csrc/autograd/function_hook.h:4:
In file included from /home/yanchun/Projects/vllm.xpu/.venv/lib/python3.12/site-packages/torch/include/ATen/Tensor.h:4:
In file included from /home/yanchun/Projects/vllm.xpu/.venv/lib/python3.12/site-packages/torch/include/ATen/core/Tensor.h:4:
In file included from /home/yanchun/Projects/vllm.xpu/.venv/lib/python3.12/site-packages/torch/include/ATen/core/TensorBody.h:17:
In file included from /home/yanchun/Projects/vllm.xpu/.venv/lib/python3.12/site-packages/torch/include/c10/core/Scalar.h:19:
In file included from /home/yanchun/Projects/vllm.xpu/.venv/lib/python3.12/site-packages/torch/include/c10/util/TypeCast.h:12:
/home/yanchun/Projects/vllm.xpu/.venv/lib/python3.12/site-packages/torch/include/c10/util/overflows.h:66:30: warning: use of infinity is undefined behavior due to the currently enabled floating-point options [-Wnan-infinity-disabled]
   66 |   if (limit::has_infinity && std::isinf(static_cast<double>(f))) {
      |                              ^~~~~~~~~~~~~~~~~~~~~~~~~~~~~~~~~~
/home/yanchun/Projects/vllm.xpu/.venv/lib/python3.12/site-packages/torch/include/c10/util/TypeCast.h:197:36: note: in instantiation of function template specialization 'c10::overflows<int, double>' requested here
  197 |   if (!std::is_same_v<To, bool> && overflows<To, From>(f)) {
      |                                    ^
/home/yanchun/Projects/vllm.xpu/.venv/lib/python3.12/site-packages/torch/include/c10/core/Scalar.h:141:39: note: in instantiation of function template specialization 'c10::checked_convert<int, double>' requested here
  141 |   AT_FORALL_SCALAR_TYPES_WITH_COMPLEX(DEFINE_ACCESSOR)
      |                                       ^
/home/yanchun/Projects/vllm.xpu/.venv/lib/python3.12/site-packages/torch/include/torch/headeronly/core/ScalarType.h:85:3: note: expanded from macro 'AT_FORALL_SCALAR_TYPES_WITH_COMPLEX'
   85 |   _(int, Int)                                  \
      |   ^
/home/yanchun/Projects/vllm.xpu/.venv/lib/python3.12/site-packages/torch/include/c10/core/Scalar.h:117:14: note: expanded from macro 'DEFINE_ACCESSOR'
  117 |       return checked_convert<type, double>(v.d, #type);               \
      |              ^
In file included from /home/yanchun/Projects/exl3xpu/csrc/exl3_ops.sycl:3:
In file included from /home/yanchun/Projects/vllm.xpu/.venv/lib/python3.12/site-packages/torch/include/torch/csrc/api/include/torch/all.h:8:
In file included from /home/yanchun/Projects/vllm.xpu/.venv/lib/python3.12/site-packages/torch/include/torch/csrc/api/include/torch/autograd.h:4:
In file included from /home/yanchun/Projects/vllm.xpu/.venv/lib/python3.12/site-packages/torch/include/torch/csrc/autograd/autograd.h:4:
In file included from /home/yanchun/Projects/vllm.xpu/.venv/lib/python3.12/site-packages/torch/include/torch/csrc/autograd/variable.h:7:
In file included from /home/yanchun/Projects/vllm.xpu/.venv/lib/python3.12/site-packages/torch/include/torch/csrc/autograd/cpp_hook.h:3:
In file included from /home/yanchun/Projects/vllm.xpu/.venv/lib/python3.12/site-packages/torch/include/torch/csrc/autograd/function_hook.h:4:
In file included from /home/yanchun/Projects/vllm.xpu/.venv/lib/python3.12/site-packages/torch/include/ATen/Tensor.h:4:
In file included from /home/yanchun/Projects/vllm.xpu/.venv/lib/python3.12/site-packages/torch/include/ATen/core/Tensor.h:4:
In file included from /home/yanchun/Projects/vllm.xpu/.venv/lib/python3.12/site-packages/torch/include/ATen/core/TensorBody.h:17:
In file included from /home/yanchun/Projects/vllm.xpu/.venv/lib/python3.12/site-packages/torch/include/c10/core/Scalar.h:19:
In file included from /home/yanchun/Projects/vllm.xpu/.venv/lib/python3.12/site-packages/torch/include/c10/util/TypeCast.h:12:
/home/yanchun/Projects/vllm.xpu/.venv/lib/python3.12/site-packages/torch/include/c10/util/overflows.h:66:30: warning: use of infinity is undefined behavior due to the currently enabled floating-point options [-Wnan-infinity-disabled]
   66 |   if (limit::has_infinity && std::isinf(static_cast<double>(f))) {
      |                              ^~~~~~~~~~~~~~~~~~~~~~~~~~~~~~~~~~
/home/yanchun/Projects/vllm.xpu/.venv/lib/python3.12/site-packages/torch/include/c10/util/TypeCast.h:197:36: note: in instantiation of function template specialization 'c10::overflows<long, double>' requested here
  197 |   if (!std::is_same_v<To, bool> && overflows<To, From>(f)) {
      |                                    ^
/home/yanchun/Projects/vllm.xpu/.venv/lib/python3.12/site-packages/torch/include/c10/core/Scalar.h:141:39: note: in instantiation of function template specialization 'c10::checked_convert<long, double>' requested here
  141 |   AT_FORALL_SCALAR_TYPES_WITH_COMPLEX(DEFINE_ACCESSOR)
      |                                       ^
/home/yanchun/Projects/vllm.xpu/.venv/lib/python3.12/site-packages/torch/include/torch/headeronly/core/ScalarType.h:86:3: note: expanded from macro 'AT_FORALL_SCALAR_TYPES_WITH_COMPLEX'
   86 |   _(int64_t, Long)                             \
      |   ^
/home/yanchun/Projects/vllm.xpu/.venv/lib/python3.12/site-packages/torch/include/c10/core/Scalar.h:117:14: note: expanded from macro 'DEFINE_ACCESSOR'
  117 |       return checked_convert<type, double>(v.d, #type);               \
      |              ^
In file included from /home/yanchun/Projects/exl3xpu/csrc/exl3_ops.sycl:3:
In file included from /home/yanchun/Projects/vllm.xpu/.venv/lib/python3.12/site-packages/torch/include/torch/csrc/api/include/torch/all.h:8:
In file included from /home/yanchun/Projects/vllm.xpu/.venv/lib/python3.12/site-packages/torch/include/torch/csrc/api/include/torch/autograd.h:4:
In file included from /home/yanchun/Projects/vllm.xpu/.venv/lib/python3.12/site-packages/torch/include/torch/csrc/autograd/autograd.h:4:
In file included from /home/yanchun/Projects/vllm.xpu/.venv/lib/python3.12/site-packages/torch/include/torch/csrc/autograd/variable.h:7:
In file included from /home/yanchun/Projects/vllm.xpu/.venv/lib/python3.12/site-packages/torch/include/torch/csrc/autograd/cpp_hook.h:3:
In file included from /home/yanchun/Projects/vllm.xpu/.venv/lib/python3.12/site-packages/torch/include/torch/csrc/autograd/function_hook.h:4:
In file included from /home/yanchun/Projects/vllm.xpu/.venv/lib/python3.12/site-packages/torch/include/ATen/Tensor.h:4:
In file included from /home/yanchun/Projects/vllm.xpu/.venv/lib/python3.12/site-packages/torch/include/ATen/core/Tensor.h:4:
In file included from /home/yanchun/Projects/vllm.xpu/.venv/lib/python3.12/site-packages/torch/include/ATen/core/TensorBody.h:17:
In file included from /home/yanchun/Projects/vllm.xpu/.venv/lib/python3.12/site-packages/torch/include/c10/core/Scalar.h:19:
In file included from /home/yanchun/Projects/vllm.xpu/.venv/lib/python3.12/site-packages/torch/include/c10/util/TypeCast.h:12:
/home/yanchun/Projects/vllm.xpu/.venv/lib/python3.12/site-packages/torch/include/c10/util/overflows.h:66:30: warning: use of infinity is undefined behavior due to the currently enabled floating-point options [-Wnan-infinity-disabled]
   66 |   if (limit::has_infinity && std::isinf(static_cast<double>(f))) {
      |                              ^~~~~~~~~~~~~~~~~~~~~~~~~~~~~~~~~~
/home/yanchun/Projects/vllm.xpu/.venv/lib/python3.12/site-packages/torch/include/c10/util/TypeCast.h:197:36: note: in instantiation of function template specialization 'c10::overflows<c10::Half, double>' requested here
  197 |   if (!std::is_same_v<To, bool> && overflows<To, From>(f)) {
      |                                    ^
/home/yanchun/Projects/vllm.xpu/.venv/lib/python3.12/site-packages/torch/include/c10/core/Scalar.h:141:39: note: in instantiation of function template specialization 'c10::checked_convert<c10::Half, double>' requested here
  141 |   AT_FORALL_SCALAR_TYPES_WITH_COMPLEX(DEFINE_ACCESSOR)
      |                                       ^
/home/yanchun/Projects/vllm.xpu/.venv/lib/python3.12/site-packages/torch/include/torch/headeronly/core/ScalarType.h:87:3: note: expanded from macro 'AT_FORALL_SCALAR_TYPES_WITH_COMPLEX'
   87 |   _(c10::Half, Half)                           \
      |   ^
/home/yanchun/Projects/vllm.xpu/.venv/lib/python3.12/site-packages/torch/include/c10/core/Scalar.h:117:14: note: expanded from macro 'DEFINE_ACCESSOR'
  117 |       return checked_convert<type, double>(v.d, #type);               \
      |              ^
In file included from /home/yanchun/Projects/exl3xpu/csrc/exl3_ops.sycl:3:
In file included from /home/yanchun/Projects/vllm.xpu/.venv/lib/python3.12/site-packages/torch/include/torch/csrc/api/include/torch/all.h:8:
In file included from /home/yanchun/Projects/vllm.xpu/.venv/lib/python3.12/site-packages/torch/include/torch/csrc/api/include/torch/autograd.h:4:
In file included from /home/yanchun/Projects/vllm.xpu/.venv/lib/python3.12/site-packages/torch/include/torch/csrc/autograd/autograd.h:4:
In file included from /home/yanchun/Projects/vllm.xpu/.venv/lib/python3.12/site-packages/torch/include/torch/csrc/autograd/variable.h:7:
In file included from /home/yanchun/Projects/vllm.xpu/.venv/lib/python3.12/site-packages/torch/include/torch/csrc/autograd/cpp_hook.h:3:
In file included from /home/yanchun/Projects/vllm.xpu/.venv/lib/python3.12/site-packages/torch/include/torch/csrc/autograd/function_hook.h:4:
In file included from /home/yanchun/Projects/vllm.xpu/.venv/lib/python3.12/site-packages/torch/include/ATen/Tensor.h:4:
In file included from /home/yanchun/Projects/vllm.xpu/.venv/lib/python3.12/site-packages/torch/include/ATen/core/Tensor.h:4:
In file included from /home/yanchun/Projects/vllm.xpu/.venv/lib/python3.12/site-packages/torch/include/ATen/core/TensorBody.h:17:
In file included from /home/yanchun/Projects/vllm.xpu/.venv/lib/python3.12/site-packages/torch/include/c10/core/Scalar.h:19:
In file included from /home/yanchun/Projects/vllm.xpu/.venv/lib/python3.12/site-packages/torch/include/c10/util/TypeCast.h:12:
/home/yanchun/Projects/vllm.xpu/.venv/lib/python3.12/site-packages/torch/include/c10/util/overflows.h:66:30: warning: use of infinity is undefined behavior due to the currently enabled floating-point options [-Wnan-infinity-disabled]
   66 |   if (limit::has_infinity && std::isinf(static_cast<double>(f))) {
      |                              ^~~~~~~~~~~~~~~~~~~~~~~~~~~~~~~~~~
/home/yanchun/Projects/vllm.xpu/.venv/lib/python3.12/site-packages/torch/include/c10/util/TypeCast.h:197:36: note: in instantiation of function template specialization 'c10::overflows<float, double>' requested here
  197 |   if (!std::is_same_v<To, bool> && overflows<To, From>(f)) {
      |                                    ^
/home/yanchun/Projects/vllm.xpu/.venv/lib/python3.12/site-packages/torch/include/c10/core/Scalar.h:141:39: note: in instantiation of function template specialization 'c10::checked_convert<float, double>' requested here
  141 |   AT_FORALL_SCALAR_TYPES_WITH_COMPLEX(DEFINE_ACCESSOR)
      |                                       ^
/home/yanchun/Projects/vllm.xpu/.venv/lib/python3.12/site-packages/torch/include/torch/headeronly/core/ScalarType.h:88:3: note: expanded from macro 'AT_FORALL_SCALAR_TYPES_WITH_COMPLEX'
   88 |   _(float, Float)                              \
      |   ^
/home/yanchun/Projects/vllm.xpu/.venv/lib/python3.12/site-packages/torch/include/c10/core/Scalar.h:117:14: note: expanded from macro 'DEFINE_ACCESSOR'
  117 |       return checked_convert<type, double>(v.d, #type);               \
      |              ^
In file included from /home/yanchun/Projects/exl3xpu/csrc/exl3_ops.sycl:3:
In file included from /home/yanchun/Projects/vllm.xpu/.venv/lib/python3.12/site-packages/torch/include/torch/csrc/api/include/torch/all.h:8:
In file included from /home/yanchun/Projects/vllm.xpu/.venv/lib/python3.12/site-packages/torch/include/torch/csrc/api/include/torch/autograd.h:4:
In file included from /home/yanchun/Projects/vllm.xpu/.venv/lib/python3.12/site-packages/torch/include/torch/csrc/autograd/autograd.h:4:
In file included from /home/yanchun/Projects/vllm.xpu/.venv/lib/python3.12/site-packages/torch/include/torch/csrc/autograd/variable.h:7:
In file included from /home/yanchun/Projects/vllm.xpu/.venv/lib/python3.12/site-packages/torch/include/torch/csrc/autograd/cpp_hook.h:3:
In file included from /home/yanchun/Projects/vllm.xpu/.venv/lib/python3.12/site-packages/torch/include/torch/csrc/autograd/function_hook.h:4:
In file included from /home/yanchun/Projects/vllm.xpu/.venv/lib/python3.12/site-packages/torch/include/ATen/Tensor.h:4:
In file included from /home/yanchun/Projects/vllm.xpu/.venv/lib/python3.12/site-packages/torch/include/ATen/core/Tensor.h:4:
In file included from /home/yanchun/Projects/vllm.xpu/.venv/lib/python3.12/site-packages/torch/include/ATen/core/TensorBody.h:17:
In file included from /home/yanchun/Projects/vllm.xpu/.venv/lib/python3.12/site-packages/torch/include/c10/core/Scalar.h:19:
In file included from /home/yanchun/Projects/vllm.xpu/.venv/lib/python3.12/site-packages/torch/include/c10/util/TypeCast.h:12:
/home/yanchun/Projects/vllm.xpu/.venv/lib/python3.12/site-packages/torch/include/c10/util/overflows.h:66:30: warning: use of infinity is undefined behavior due to the currently enabled floating-point options [-Wnan-infinity-disabled]
   66 |   if (limit::has_infinity && std::isinf(static_cast<double>(f))) {
      |                              ^~~~~~~~~~~~~~~~~~~~~~~~~~~~~~~~~~
/home/yanchun/Projects/vllm.xpu/.venv/lib/python3.12/site-packages/torch/include/c10/util/TypeCast.h:197:36: note: in instantiation of function template specialization 'c10::overflows<double, double>' requested here
  197 |   if (!std::is_same_v<To, bool> && overflows<To, From>(f)) {
      |                                    ^
/home/yanchun/Projects/vllm.xpu/.venv/lib/python3.12/site-packages/torch/include/c10/core/Scalar.h:141:39: note: in instantiation of function template specialization 'c10::checked_convert<double, double>' requested here
  141 |   AT_FORALL_SCALAR_TYPES_WITH_COMPLEX(DEFINE_ACCESSOR)
      |                                       ^
/home/yanchun/Projects/vllm.xpu/.venv/lib/python3.12/site-packages/torch/include/torch/headeronly/core/ScalarType.h:89:3: note: expanded from macro 'AT_FORALL_SCALAR_TYPES_WITH_COMPLEX'
   89 |   _(double, Double)                            \
      |   ^
/home/yanchun/Projects/vllm.xpu/.venv/lib/python3.12/site-packages/torch/include/c10/core/Scalar.h:117:14: note: expanded from macro 'DEFINE_ACCESSOR'
  117 |       return checked_convert<type, double>(v.d, #type);               \
      |              ^
In file included from /home/yanchun/Projects/exl3xpu/csrc/exl3_ops.sycl:3:
In file included from /home/yanchun/Projects/vllm.xpu/.venv/lib/python3.12/site-packages/torch/include/torch/csrc/api/include/torch/all.h:8:
In file included from /home/yanchun/Projects/vllm.xpu/.venv/lib/python3.12/site-packages/torch/include/torch/csrc/api/include/torch/autograd.h:4:
In file included from /home/yanchun/Projects/vllm.xpu/.venv/lib/python3.12/site-packages/torch/include/torch/csrc/autograd/autograd.h:4:
In file included from /home/yanchun/Projects/vllm.xpu/.venv/lib/python3.12/site-packages/torch/include/torch/csrc/autograd/variable.h:7:
In file included from /home/yanchun/Projects/vllm.xpu/.venv/lib/python3.12/site-packages/torch/include/torch/csrc/autograd/cpp_hook.h:3:
In file included from /home/yanchun/Projects/vllm.xpu/.venv/lib/python3.12/site-packages/torch/include/torch/csrc/autograd/function_hook.h:4:
In file included from /home/yanchun/Projects/vllm.xpu/.venv/lib/python3.12/site-packages/torch/include/ATen/Tensor.h:4:
In file included from /home/yanchun/Projects/vllm.xpu/.venv/lib/python3.12/site-packages/torch/include/ATen/core/Tensor.h:4:
In file included from /home/yanchun/Projects/vllm.xpu/.venv/lib/python3.12/site-packages/torch/include/ATen/core/TensorBody.h:17:
In file included from /home/yanchun/Projects/vllm.xpu/.venv/lib/python3.12/site-packages/torch/include/c10/core/Scalar.h:19:
In file included from /home/yanchun/Projects/vllm.xpu/.venv/lib/python3.12/site-packages/torch/include/c10/util/TypeCast.h:12:
/home/yanchun/Projects/vllm.xpu/.venv/lib/python3.12/site-packages/torch/include/c10/util/overflows.h:66:30: warning: use of infinity is undefined behavior due to the currently enabled floating-point options [-Wnan-infinity-disabled]
   66 |   if (limit::has_infinity && std::isinf(static_cast<double>(f))) {
      |                              ^~~~~~~~~~~~~~~~~~~~~~~~~~~~~~~~~~
/home/yanchun/Projects/vllm.xpu/.venv/lib/python3.12/site-packages/torch/include/c10/util/TypeCast.h:197:36: note: in instantiation of function template specialization 'c10::overflows<c10::complex<Half>, double>' requested here
  197 |   if (!std::is_same_v<To, bool> && overflows<To, From>(f)) {
      |                                    ^
/home/yanchun/Projects/vllm.xpu/.venv/lib/python3.12/site-packages/torch/include/c10/core/Scalar.h:141:39: note: in instantiation of function template specialization 'c10::checked_convert<c10::complex<Half>, double>' requested here
  141 |   AT_FORALL_SCALAR_TYPES_WITH_COMPLEX(DEFINE_ACCESSOR)
      |                                       ^
/home/yanchun/Projects/vllm.xpu/.venv/lib/python3.12/site-packages/torch/include/torch/headeronly/core/ScalarType.h:90:3: note: expanded from macro 'AT_FORALL_SCALAR_TYPES_WITH_COMPLEX'
   90 |   _(c10::complex<c10::Half>, ComplexHalf)      \
      |   ^
/home/yanchun/Projects/vllm.xpu/.venv/lib/python3.12/site-packages/torch/include/c10/core/Scalar.h:117:14: note: expanded from macro 'DEFINE_ACCESSOR'
  117 |       return checked_convert<type, double>(v.d, #type);               \
      |              ^
In file included from /home/yanchun/Projects/exl3xpu/csrc/exl3_ops.sycl:3:
In file included from /home/yanchun/Projects/vllm.xpu/.venv/lib/python3.12/site-packages/torch/include/torch/csrc/api/include/torch/all.h:8:
In file included from /home/yanchun/Projects/vllm.xpu/.venv/lib/python3.12/site-packages/torch/include/torch/csrc/api/include/torch/autograd.h:4:
In file included from /home/yanchun/Projects/vllm.xpu/.venv/lib/python3.12/site-packages/torch/include/torch/csrc/autograd/autograd.h:4:
In file included from /home/yanchun/Projects/vllm.xpu/.venv/lib/python3.12/site-packages/torch/include/torch/csrc/autograd/variable.h:7:
In file included from /home/yanchun/Projects/vllm.xpu/.venv/lib/python3.12/site-packages/torch/include/torch/csrc/autograd/cpp_hook.h:3:
In file included from /home/yanchun/Projects/vllm.xpu/.venv/lib/python3.12/site-packages/torch/include/torch/csrc/autograd/function_hook.h:4:
In file included from /home/yanchun/Projects/vllm.xpu/.venv/lib/python3.12/site-packages/torch/include/ATen/Tensor.h:4:
In file included from /home/yanchun/Projects/vllm.xpu/.venv/lib/python3.12/site-packages/torch/include/ATen/core/Tensor.h:4:
In file included from /home/yanchun/Projects/vllm.xpu/.venv/lib/python3.12/site-packages/torch/include/ATen/core/TensorBody.h:17:
In file included from /home/yanchun/Projects/vllm.xpu/.venv/lib/python3.12/site-packages/torch/include/c10/core/Scalar.h:19:
In file included from /home/yanchun/Projects/vllm.xpu/.venv/lib/python3.12/site-packages/torch/include/c10/util/TypeCast.h:12:
/home/yanchun/Projects/vllm.xpu/.venv/lib/python3.12/site-packages/torch/include/c10/util/overflows.h:66:30: warning: use of infinity is undefined behavior due to the currently enabled floating-point options [-Wnan-infinity-disabled]
   66 |   if (limit::has_infinity && std::isinf(static_cast<double>(f))) {
      |                              ^~~~~~~~~~~~~~~~~~~~~~~~~~~~~~~~~~
/home/yanchun/Projects/vllm.xpu/.venv/lib/python3.12/site-packages/torch/include/c10/util/TypeCast.h:197:36: note: in instantiation of function template specialization 'c10::overflows<c10::complex<float>, double>' requested here
  197 |   if (!std::is_same_v<To, bool> && overflows<To, From>(f)) {
      |                                    ^
/home/yanchun/Projects/vllm.xpu/.venv/lib/python3.12/site-packages/torch/include/c10/core/Scalar.h:141:39: note: in instantiation of function template specialization 'c10::checked_convert<c10::complex<float>, double>' requested here
  141 |   AT_FORALL_SCALAR_TYPES_WITH_COMPLEX(DEFINE_ACCESSOR)
      |                                       ^
/home/yanchun/Projects/vllm.xpu/.venv/lib/python3.12/site-packages/torch/include/torch/headeronly/core/ScalarType.h:91:3: note: expanded from macro 'AT_FORALL_SCALAR_TYPES_WITH_COMPLEX'
   91 |   _(c10::complex<float>, ComplexFloat)         \
      |   ^
/home/yanchun/Projects/vllm.xpu/.venv/lib/python3.12/site-packages/torch/include/c10/core/Scalar.h:117:14: note: expanded from macro 'DEFINE_ACCESSOR'
  117 |       return checked_convert<type, double>(v.d, #type);               \
      |              ^
In file included from /home/yanchun/Projects/exl3xpu/csrc/exl3_ops.sycl:3:
In file included from /home/yanchun/Projects/vllm.xpu/.venv/lib/python3.12/site-packages/torch/include/torch/csrc/api/include/torch/all.h:8:
In file included from /home/yanchun/Projects/vllm.xpu/.venv/lib/python3.12/site-packages/torch/include/torch/csrc/api/include/torch/autograd.h:4:
In file included from /home/yanchun/Projects/vllm.xpu/.venv/lib/python3.12/site-packages/torch/include/torch/csrc/autograd/autograd.h:4:
In file included from /home/yanchun/Projects/vllm.xpu/.venv/lib/python3.12/site-packages/torch/include/torch/csrc/autograd/variable.h:7:
In file included from /home/yanchun/Projects/vllm.xpu/.venv/lib/python3.12/site-packages/torch/include/torch/csrc/autograd/cpp_hook.h:3:
In file included from /home/yanchun/Projects/vllm.xpu/.venv/lib/python3.12/site-packages/torch/include/torch/csrc/autograd/function_hook.h:4:
In file included from /home/yanchun/Projects/vllm.xpu/.venv/lib/python3.12/site-packages/torch/include/ATen/Tensor.h:4:
In file included from /home/yanchun/Projects/vllm.xpu/.venv/lib/python3.12/site-packages/torch/include/ATen/core/Tensor.h:4:
In file included from /home/yanchun/Projects/vllm.xpu/.venv/lib/python3.12/site-packages/torch/include/ATen/core/TensorBody.h:17:
In file included from /home/yanchun/Projects/vllm.xpu/.venv/lib/python3.12/site-packages/torch/include/c10/core/Scalar.h:19:
In file included from /home/yanchun/Projects/vllm.xpu/.venv/lib/python3.12/site-packages/torch/include/c10/util/TypeCast.h:12:
/home/yanchun/Projects/vllm.xpu/.venv/lib/python3.12/site-packages/torch/include/c10/util/overflows.h:66:30: warning: use of infinity is undefined behavior due to the currently enabled floating-point options [-Wnan-infinity-disabled]
   66 |   if (limit::has_infinity && std::isinf(static_cast<double>(f))) {
      |                              ^~~~~~~~~~~~~~~~~~~~~~~~~~~~~~~~~~
/home/yanchun/Projects/vllm.xpu/.venv/lib/python3.12/site-packages/torch/include/c10/util/TypeCast.h:197:36: note: in instantiation of function template specialization 'c10::overflows<c10::complex<double>, double>' requested here
  197 |   if (!std::is_same_v<To, bool> && overflows<To, From>(f)) {
      |                                    ^
/home/yanchun/Projects/vllm.xpu/.venv/lib/python3.12/site-packages/torch/include/c10/core/Scalar.h:141:39: note: in instantiation of function template specialization 'c10::checked_convert<c10::complex<double>, double>' requested here
  141 |   AT_FORALL_SCALAR_TYPES_WITH_COMPLEX(DEFINE_ACCESSOR)
      |                                       ^
/home/yanchun/Projects/vllm.xpu/.venv/lib/python3.12/site-packages/torch/include/torch/headeronly/core/ScalarType.h:92:3: note: expanded from macro 'AT_FORALL_SCALAR_TYPES_WITH_COMPLEX'
   92 |   _(c10::complex<double>, ComplexDouble)       \
      |   ^
/home/yanchun/Projects/vllm.xpu/.venv/lib/python3.12/site-packages/torch/include/c10/core/Scalar.h:117:14: note: expanded from macro 'DEFINE_ACCESSOR'
  117 |       return checked_convert<type, double>(v.d, #type);               \
      |              ^
In file included from /home/yanchun/Projects/exl3xpu/csrc/exl3_ops.sycl:3:
In file included from /home/yanchun/Projects/vllm.xpu/.venv/lib/python3.12/site-packages/torch/include/torch/csrc/api/include/torch/all.h:8:
In file included from /home/yanchun/Projects/vllm.xpu/.venv/lib/python3.12/site-packages/torch/include/torch/csrc/api/include/torch/autograd.h:4:
In file included from /home/yanchun/Projects/vllm.xpu/.venv/lib/python3.12/site-packages/torch/include/torch/csrc/autograd/autograd.h:4:
In file included from /home/yanchun/Projects/vllm.xpu/.venv/lib/python3.12/site-packages/torch/include/torch/csrc/autograd/variable.h:7:
In file included from /home/yanchun/Projects/vllm.xpu/.venv/lib/python3.12/site-packages/torch/include/torch/csrc/autograd/cpp_hook.h:3:
In file included from /home/yanchun/Projects/vllm.xpu/.venv/lib/python3.12/site-packages/torch/include/torch/csrc/autograd/function_hook.h:4:
In file included from /home/yanchun/Projects/vllm.xpu/.venv/lib/python3.12/site-packages/torch/include/ATen/Tensor.h:4:
In file included from /home/yanchun/Projects/vllm.xpu/.venv/lib/python3.12/site-packages/torch/include/ATen/core/Tensor.h:4:
In file included from /home/yanchun/Projects/vllm.xpu/.venv/lib/python3.12/site-packages/torch/include/ATen/core/TensorBody.h:17:
In file included from /home/yanchun/Projects/vllm.xpu/.venv/lib/python3.12/site-packages/torch/include/c10/core/Scalar.h:19:
In file included from /home/yanchun/Projects/vllm.xpu/.venv/lib/python3.12/site-packages/torch/include/c10/util/TypeCast.h:12:
/home/yanchun/Projects/vllm.xpu/.venv/lib/python3.12/site-packages/torch/include/c10/util/overflows.h:66:30: warning: use of infinity is undefined behavior due to the currently enabled floating-point options [-Wnan-infinity-disabled]
   66 |   if (limit::has_infinity && std::isinf(static_cast<double>(f))) {
      |                              ^~~~~~~~~~~~~~~~~~~~~~~~~~~~~~~~~~
/home/yanchun/Projects/vllm.xpu/.venv/lib/python3.12/site-packages/torch/include/c10/util/TypeCast.h:197:36: note: in instantiation of function template specialization 'c10::overflows<bool, double>' requested here
  197 |   if (!std::is_same_v<To, bool> && overflows<To, From>(f)) {
      |                                    ^
/home/yanchun/Projects/vllm.xpu/.venv/lib/python3.12/site-packages/torch/include/c10/core/Scalar.h:141:39: note: in instantiation of function template specialization 'c10::checked_convert<bool, double>' requested here
  141 |   AT_FORALL_SCALAR_TYPES_WITH_COMPLEX(DEFINE_ACCESSOR)
      |                                       ^
/home/yanchun/Projects/vllm.xpu/.venv/lib/python3.12/site-packages/torch/include/torch/headeronly/core/ScalarType.h:93:3: note: expanded from macro 'AT_FORALL_SCALAR_TYPES_WITH_COMPLEX'
   93 |   _(bool, Bool)                                \
      |   ^
/home/yanchun/Projects/vllm.xpu/.venv/lib/python3.12/site-packages/torch/include/c10/core/Scalar.h:117:14: note: expanded from macro 'DEFINE_ACCESSOR'
  117 |       return checked_convert<type, double>(v.d, #type);               \
      |              ^
In file included from /home/yanchun/Projects/exl3xpu/csrc/exl3_ops.sycl:3:
In file included from /home/yanchun/Projects/vllm.xpu/.venv/lib/python3.12/site-packages/torch/include/torch/csrc/api/include/torch/all.h:8:
In file included from /home/yanchun/Projects/vllm.xpu/.venv/lib/python3.12/site-packages/torch/include/torch/csrc/api/include/torch/autograd.h:4:
In file included from /home/yanchun/Projects/vllm.xpu/.venv/lib/python3.12/site-packages/torch/include/torch/csrc/autograd/autograd.h:4:
In file included from /home/yanchun/Projects/vllm.xpu/.venv/lib/python3.12/site-packages/torch/include/torch/csrc/autograd/variable.h:7:
In file included from /home/yanchun/Projects/vllm.xpu/.venv/lib/python3.12/site-packages/torch/include/torch/csrc/autograd/cpp_hook.h:3:
In file included from /home/yanchun/Projects/vllm.xpu/.venv/lib/python3.12/site-packages/torch/include/torch/csrc/autograd/function_hook.h:4:
In file included from /home/yanchun/Projects/vllm.xpu/.venv/lib/python3.12/site-packages/torch/include/ATen/Tensor.h:4:
In file included from /home/yanchun/Projects/vllm.xpu/.venv/lib/python3.12/site-packages/torch/include/ATen/core/Tensor.h:4:
In file included from /home/yanchun/Projects/vllm.xpu/.venv/lib/python3.12/site-packages/torch/include/ATen/core/TensorBody.h:17:
In file included from /home/yanchun/Projects/vllm.xpu/.venv/lib/python3.12/site-packages/torch/include/c10/core/Scalar.h:19:
In file included from /home/yanchun/Projects/vllm.xpu/.venv/lib/python3.12/site-packages/torch/include/c10/util/TypeCast.h:12:
/home/yanchun/Projects/vllm.xpu/.venv/lib/python3.12/site-packages/torch/include/c10/util/overflows.h:66:30: warning: use of infinity is undefined behavior due to the currently enabled floating-point options [-Wnan-infinity-disabled]
   66 |   if (limit::has_infinity && std::isinf(static_cast<double>(f))) {
      |                              ^~~~~~~~~~~~~~~~~~~~~~~~~~~~~~~~~~
/home/yanchun/Projects/vllm.xpu/.venv/lib/python3.12/site-packages/torch/include/c10/util/TypeCast.h:197:36: note: in instantiation of function template specialization 'c10::overflows<c10::BFloat16, double>' requested here
  197 |   if (!std::is_same_v<To, bool> && overflows<To, From>(f)) {
      |                                    ^
/home/yanchun/Projects/vllm.xpu/.venv/lib/python3.12/site-packages/torch/include/c10/core/Scalar.h:141:39: note: in instantiation of function template specialization 'c10::checked_convert<c10::BFloat16, double>' requested here
  141 |   AT_FORALL_SCALAR_TYPES_WITH_COMPLEX(DEFINE_ACCESSOR)
      |                                       ^
/home/yanchun/Projects/vllm.xpu/.venv/lib/python3.12/site-packages/torch/include/torch/headeronly/core/ScalarType.h:94:3: note: expanded from macro 'AT_FORALL_SCALAR_TYPES_WITH_COMPLEX'
   94 |   _(c10::BFloat16, BFloat16)                   \
      |   ^
/home/yanchun/Projects/vllm.xpu/.venv/lib/python3.12/site-packages/torch/include/c10/core/Scalar.h:117:14: note: expanded from macro 'DEFINE_ACCESSOR'
  117 |       return checked_convert<type, double>(v.d, #type);               \
      |              ^
In file included from /home/yanchun/Projects/exl3xpu/csrc/exl3_ops.sycl:3:
In file included from /home/yanchun/Projects/vllm.xpu/.venv/lib/python3.12/site-packages/torch/include/torch/csrc/api/include/torch/all.h:8:
In file included from /home/yanchun/Projects/vllm.xpu/.venv/lib/python3.12/site-packages/torch/include/torch/csrc/api/include/torch/autograd.h:4:
In file included from /home/yanchun/Projects/vllm.xpu/.venv/lib/python3.12/site-packages/torch/include/torch/csrc/autograd/autograd.h:4:
In file included from /home/yanchun/Projects/vllm.xpu/.venv/lib/python3.12/site-packages/torch/include/torch/csrc/autograd/variable.h:7:
In file included from /home/yanchun/Projects/vllm.xpu/.venv/lib/python3.12/site-packages/torch/include/torch/csrc/autograd/cpp_hook.h:3:
In file included from /home/yanchun/Projects/vllm.xpu/.venv/lib/python3.12/site-packages/torch/include/torch/csrc/autograd/function_hook.h:4:
In file included from /home/yanchun/Projects/vllm.xpu/.venv/lib/python3.12/site-packages/torch/include/ATen/Tensor.h:4:
In file included from /home/yanchun/Projects/vllm.xpu/.venv/lib/python3.12/site-packages/torch/include/ATen/core/Tensor.h:4:
In file included from /home/yanchun/Projects/vllm.xpu/.venv/lib/python3.12/site-packages/torch/include/ATen/core/TensorBody.h:17:
In file included from /home/yanchun/Projects/vllm.xpu/.venv/lib/python3.12/site-packages/torch/include/c10/core/Scalar.h:19:
In file included from /home/yanchun/Projects/vllm.xpu/.venv/lib/python3.12/site-packages/torch/include/c10/util/TypeCast.h:12:
/home/yanchun/Projects/vllm.xpu/.venv/lib/python3.12/site-packages/torch/include/c10/util/overflows.h:66:30: warning: use of infinity is undefined behavior due to the currently enabled floating-point options [-Wnan-infinity-disabled]
   66 |   if (limit::has_infinity && std::isinf(static_cast<double>(f))) {
      |                              ^~~~~~~~~~~~~~~~~~~~~~~~~~~~~~~~~~
/home/yanchun/Projects/vllm.xpu/.venv/lib/python3.12/site-packages/torch/include/c10/util/TypeCast.h:197:36: note: in instantiation of function template specialization 'c10::overflows<c10::Float8_e5m2, double>' requested here
  197 |   if (!std::is_same_v<To, bool> && overflows<To, From>(f)) {
      |                                    ^
/home/yanchun/Projects/vllm.xpu/.venv/lib/python3.12/site-packages/torch/include/c10/core/Scalar.h:141:39: note: in instantiation of function template specialization 'c10::checked_convert<c10::Float8_e5m2, double>' requested here
  141 |   AT_FORALL_SCALAR_TYPES_WITH_COMPLEX(DEFINE_ACCESSOR)
      |                                       ^
/home/yanchun/Projects/vllm.xpu/.venv/lib/python3.12/site-packages/torch/include/torch/headeronly/core/ScalarType.h:95:3: note: expanded from macro 'AT_FORALL_SCALAR_TYPES_WITH_COMPLEX'
   95 |   _(c10::Float8_e5m2, Float8_e5m2)             \
      |   ^
/home/yanchun/Projects/vllm.xpu/.venv/lib/python3.12/site-packages/torch/include/c10/core/Scalar.h:117:14: note: expanded from macro 'DEFINE_ACCESSOR'
  117 |       return checked_convert<type, double>(v.d, #type);               \
      |              ^
In file included from /home/yanchun/Projects/exl3xpu/csrc/exl3_ops.sycl:3:
In file included from /home/yanchun/Projects/vllm.xpu/.venv/lib/python3.12/site-packages/torch/include/torch/csrc/api/include/torch/all.h:8:
In file included from /home/yanchun/Projects/vllm.xpu/.venv/lib/python3.12/site-packages/torch/include/torch/csrc/api/include/torch/autograd.h:4:
In file included from /home/yanchun/Projects/vllm.xpu/.venv/lib/python3.12/site-packages/torch/include/torch/csrc/autograd/autograd.h:4:
In file included from /home/yanchun/Projects/vllm.xpu/.venv/lib/python3.12/site-packages/torch/include/torch/csrc/autograd/variable.h:7:
In file included from /home/yanchun/Projects/vllm.xpu/.venv/lib/python3.12/site-packages/torch/include/torch/csrc/autograd/cpp_hook.h:3:
In file included from /home/yanchun/Projects/vllm.xpu/.venv/lib/python3.12/site-packages/torch/include/torch/csrc/autograd/function_hook.h:4:
In file included from /home/yanchun/Projects/vllm.xpu/.venv/lib/python3.12/site-packages/torch/include/ATen/Tensor.h:4:
In file included from /home/yanchun/Projects/vllm.xpu/.venv/lib/python3.12/site-packages/torch/include/ATen/core/Tensor.h:4:
In file included from /home/yanchun/Projects/vllm.xpu/.venv/lib/python3.12/site-packages/torch/include/ATen/core/TensorBody.h:17:
In file included from /home/yanchun/Projects/vllm.xpu/.venv/lib/python3.12/site-packages/torch/include/c10/core/Scalar.h:19:
In file included from /home/yanchun/Projects/vllm.xpu/.venv/lib/python3.12/site-packages/torch/include/c10/util/TypeCast.h:12:
/home/yanchun/Projects/vllm.xpu/.venv/lib/python3.12/site-packages/torch/include/c10/util/overflows.h:66:30: warning: use of infinity is undefined behavior due to the currently enabled floating-point options [-Wnan-infinity-disabled]
   66 |   if (limit::has_infinity && std::isinf(static_cast<double>(f))) {
      |                              ^~~~~~~~~~~~~~~~~~~~~~~~~~~~~~~~~~
/home/yanchun/Projects/vllm.xpu/.venv/lib/python3.12/site-packages/torch/include/c10/util/TypeCast.h:197:36: note: in instantiation of function template specialization 'c10::overflows<c10::Float8_e4m3fn, double>' requested here
  197 |   if (!std::is_same_v<To, bool> && overflows<To, From>(f)) {
      |                                    ^
/home/yanchun/Projects/vllm.xpu/.venv/lib/python3.12/site-packages/torch/include/c10/core/Scalar.h:141:39: note: in instantiation of function template specialization 'c10::checked_convert<c10::Float8_e4m3fn, double>' requested here
  141 |   AT_FORALL_SCALAR_TYPES_WITH_COMPLEX(DEFINE_ACCESSOR)
      |                                       ^
/home/yanchun/Projects/vllm.xpu/.venv/lib/python3.12/site-packages/torch/include/torch/headeronly/core/ScalarType.h:96:3: note: expanded from macro 'AT_FORALL_SCALAR_TYPES_WITH_COMPLEX'
   96 |   _(c10::Float8_e4m3fn, Float8_e4m3fn)         \
      |   ^
/home/yanchun/Projects/vllm.xpu/.venv/lib/python3.12/site-packages/torch/include/c10/core/Scalar.h:117:14: note: expanded from macro 'DEFINE_ACCESSOR'
  117 |       return checked_convert<type, double>(v.d, #type);               \
      |              ^
In file included from /home/yanchun/Projects/exl3xpu/csrc/exl3_ops.sycl:3:
In file included from /home/yanchun/Projects/vllm.xpu/.venv/lib/python3.12/site-packages/torch/include/torch/csrc/api/include/torch/all.h:8:
In file included from /home/yanchun/Projects/vllm.xpu/.venv/lib/python3.12/site-packages/torch/include/torch/csrc/api/include/torch/autograd.h:4:
In file included from /home/yanchun/Projects/vllm.xpu/.venv/lib/python3.12/site-packages/torch/include/torch/csrc/autograd/autograd.h:4:
In file included from /home/yanchun/Projects/vllm.xpu/.venv/lib/python3.12/site-packages/torch/include/torch/csrc/autograd/variable.h:7:
In file included from /home/yanchun/Projects/vllm.xpu/.venv/lib/python3.12/site-packages/torch/include/torch/csrc/autograd/cpp_hook.h:3:
In file included from /home/yanchun/Projects/vllm.xpu/.venv/lib/python3.12/site-packages/torch/include/torch/csrc/autograd/function_hook.h:4:
In file included from /home/yanchun/Projects/vllm.xpu/.venv/lib/python3.12/site-packages/torch/include/ATen/Tensor.h:4:
In file included from /home/yanchun/Projects/vllm.xpu/.venv/lib/python3.12/site-packages/torch/include/ATen/core/Tensor.h:4:
In file included from /home/yanchun/Projects/vllm.xpu/.venv/lib/python3.12/site-packages/torch/include/ATen/core/TensorBody.h:17:
In file included from /home/yanchun/Projects/vllm.xpu/.venv/lib/python3.12/site-packages/torch/include/c10/core/Scalar.h:19:
In file included from /home/yanchun/Projects/vllm.xpu/.venv/lib/python3.12/site-packages/torch/include/c10/util/TypeCast.h:12:
/home/yanchun/Projects/vllm.xpu/.venv/lib/python3.12/site-packages/torch/include/c10/util/overflows.h:66:30: warning: use of infinity is undefined behavior due to the currently enabled floating-point options [-Wnan-infinity-disabled]
   66 |   if (limit::has_infinity && std::isinf(static_cast<double>(f))) {
      |                              ^~~~~~~~~~~~~~~~~~~~~~~~~~~~~~~~~~
/home/yanchun/Projects/vllm.xpu/.venv/lib/python3.12/site-packages/torch/include/c10/util/TypeCast.h:197:36: note: in instantiation of function template specialization 'c10::overflows<c10::Float8_e5m2fnuz, double>' requested here
  197 |   if (!std::is_same_v<To, bool> && overflows<To, From>(f)) {
      |                                    ^
/home/yanchun/Projects/vllm.xpu/.venv/lib/python3.12/site-packages/torch/include/c10/core/Scalar.h:141:39: note: in instantiation of function template specialization 'c10::checked_convert<c10::Float8_e5m2fnuz, double>' requested here
  141 |   AT_FORALL_SCALAR_TYPES_WITH_COMPLEX(DEFINE_ACCESSOR)
      |                                       ^
/home/yanchun/Projects/vllm.xpu/.venv/lib/python3.12/site-packages/torch/include/torch/headeronly/core/ScalarType.h:97:3: note: expanded from macro 'AT_FORALL_SCALAR_TYPES_WITH_COMPLEX'
   97 |   _(c10::Float8_e5m2fnuz, Float8_e5m2fnuz)     \
      |   ^
/home/yanchun/Projects/vllm.xpu/.venv/lib/python3.12/site-packages/torch/include/c10/core/Scalar.h:117:14: note: expanded from macro 'DEFINE_ACCESSOR'
  117 |       return checked_convert<type, double>(v.d, #type);               \
      |              ^
In file included from /home/yanchun/Projects/exl3xpu/csrc/exl3_ops.sycl:3:
In file included from /home/yanchun/Projects/vllm.xpu/.venv/lib/python3.12/site-packages/torch/include/torch/csrc/api/include/torch/all.h:8:
In file included from /home/yanchun/Projects/vllm.xpu/.venv/lib/python3.12/site-packages/torch/include/torch/csrc/api/include/torch/autograd.h:4:
In file included from /home/yanchun/Projects/vllm.xpu/.venv/lib/python3.12/site-packages/torch/include/torch/csrc/autograd/autograd.h:4:
In file included from /home/yanchun/Projects/vllm.xpu/.venv/lib/python3.12/site-packages/torch/include/torch/csrc/autograd/variable.h:7:
In file included from /home/yanchun/Projects/vllm.xpu/.venv/lib/python3.12/site-packages/torch/include/torch/csrc/autograd/cpp_hook.h:3:
In file included from /home/yanchun/Projects/vllm.xpu/.venv/lib/python3.12/site-packages/torch/include/torch/csrc/autograd/function_hook.h:4:
In file included from /home/yanchun/Projects/vllm.xpu/.venv/lib/python3.12/site-packages/torch/include/ATen/Tensor.h:4:
In file included from /home/yanchun/Projects/vllm.xpu/.venv/lib/python3.12/site-packages/torch/include/ATen/core/Tensor.h:4:
In file included from /home/yanchun/Projects/vllm.xpu/.venv/lib/python3.12/site-packages/torch/include/ATen/core/TensorBody.h:17:
In file included from /home/yanchun/Projects/vllm.xpu/.venv/lib/python3.12/site-packages/torch/include/c10/core/Scalar.h:19:
In file included from /home/yanchun/Projects/vllm.xpu/.venv/lib/python3.12/site-packages/torch/include/c10/util/TypeCast.h:12:
/home/yanchun/Projects/vllm.xpu/.venv/lib/python3.12/site-packages/torch/include/c10/util/overflows.h:66:30: warning: use of infinity is undefined behavior due to the currently enabled floating-point options [-Wnan-infinity-disabled]
   66 |   if (limit::has_infinity && std::isinf(static_cast<double>(f))) {
      |                              ^~~~~~~~~~~~~~~~~~~~~~~~~~~~~~~~~~
/home/yanchun/Projects/vllm.xpu/.venv/lib/python3.12/site-packages/torch/include/c10/util/TypeCast.h:197:36: note: in instantiation of function template specialization 'c10::overflows<c10::Float8_e4m3fnuz, double>' requested here
  197 |   if (!std::is_same_v<To, bool> && overflows<To, From>(f)) {
      |                                    ^
/home/yanchun/Projects/vllm.xpu/.venv/lib/python3.12/site-packages/torch/include/c10/core/Scalar.h:141:39: note: in instantiation of function template specialization 'c10::checked_convert<c10::Float8_e4m3fnuz, double>' requested here
  141 |   AT_FORALL_SCALAR_TYPES_WITH_COMPLEX(DEFINE_ACCESSOR)
      |                                       ^
/home/yanchun/Projects/vllm.xpu/.venv/lib/python3.12/site-packages/torch/include/torch/headeronly/core/ScalarType.h:98:3: note: expanded from macro 'AT_FORALL_SCALAR_TYPES_WITH_COMPLEX'
   98 |   _(c10::Float8_e4m3fnuz, Float8_e4m3fnuz)     \
      |   ^
/home/yanchun/Projects/vllm.xpu/.venv/lib/python3.12/site-packages/torch/include/c10/core/Scalar.h:117:14: note: expanded from macro 'DEFINE_ACCESSOR'
  117 |       return checked_convert<type, double>(v.d, #type);               \
      |              ^
In file included from /home/yanchun/Projects/exl3xpu/csrc/exl3_ops.sycl:3:
In file included from /home/yanchun/Projects/vllm.xpu/.venv/lib/python3.12/site-packages/torch/include/torch/csrc/api/include/torch/all.h:8:
In file included from /home/yanchun/Projects/vllm.xpu/.venv/lib/python3.12/site-packages/torch/include/torch/csrc/api/include/torch/autograd.h:4:
In file included from /home/yanchun/Projects/vllm.xpu/.venv/lib/python3.12/site-packages/torch/include/torch/csrc/autograd/autograd.h:4:
In file included from /home/yanchun/Projects/vllm.xpu/.venv/lib/python3.12/site-packages/torch/include/torch/csrc/autograd/variable.h:7:
In file included from /home/yanchun/Projects/vllm.xpu/.venv/lib/python3.12/site-packages/torch/include/torch/csrc/autograd/cpp_hook.h:3:
In file included from /home/yanchun/Projects/vllm.xpu/.venv/lib/python3.12/site-packages/torch/include/torch/csrc/autograd/function_hook.h:4:
In file included from /home/yanchun/Projects/vllm.xpu/.venv/lib/python3.12/site-packages/torch/include/ATen/Tensor.h:4:
In file included from /home/yanchun/Projects/vllm.xpu/.venv/lib/python3.12/site-packages/torch/include/ATen/core/Tensor.h:4:
In file included from /home/yanchun/Projects/vllm.xpu/.venv/lib/python3.12/site-packages/torch/include/ATen/core/TensorBody.h:17:
In file included from /home/yanchun/Projects/vllm.xpu/.venv/lib/python3.12/site-packages/torch/include/c10/core/Scalar.h:19:
In file included from /home/yanchun/Projects/vllm.xpu/.venv/lib/python3.12/site-packages/torch/include/c10/util/TypeCast.h:12:
/home/yanchun/Projects/vllm.xpu/.venv/lib/python3.12/site-packages/torch/include/c10/util/overflows.h:66:30: warning: use of infinity is undefined behavior due to the currently enabled floating-point options [-Wnan-infinity-disabled]
   66 |   if (limit::has_infinity && std::isinf(static_cast<double>(f))) {
      |                              ^~~~~~~~~~~~~~~~~~~~~~~~~~~~~~~~~~
/home/yanchun/Projects/vllm.xpu/.venv/lib/python3.12/site-packages/torch/include/c10/util/TypeCast.h:197:36: note: in instantiation of function template specialization 'c10::overflows<c10::Float8_e8m0fnu, double>' requested here
  197 |   if (!std::is_same_v<To, bool> && overflows<To, From>(f)) {
      |                                    ^
/home/yanchun/Projects/vllm.xpu/.venv/lib/python3.12/site-packages/torch/include/c10/core/Scalar.h:141:39: note: in instantiation of function template specialization 'c10::checked_convert<c10::Float8_e8m0fnu, double>' requested here
  141 |   AT_FORALL_SCALAR_TYPES_WITH_COMPLEX(DEFINE_ACCESSOR)
      |                                       ^
/home/yanchun/Projects/vllm.xpu/.venv/lib/python3.12/site-packages/torch/include/torch/headeronly/core/ScalarType.h:99:3: note: expanded from macro 'AT_FORALL_SCALAR_TYPES_WITH_COMPLEX'
   99 |   _(c10::Float8_e8m0fnu, Float8_e8m0fnu)
      |   ^
/home/yanchun/Projects/vllm.xpu/.venv/lib/python3.12/site-packages/torch/include/c10/core/Scalar.h:117:14: note: expanded from macro 'DEFINE_ACCESSOR'
  117 |       return checked_convert<type, double>(v.d, #type);               \
      |              ^
In file included from /home/yanchun/Projects/exl3xpu/csrc/exl3_ops.sycl:3:
In file included from /home/yanchun/Projects/vllm.xpu/.venv/lib/python3.12/site-packages/torch/include/torch/csrc/api/include/torch/all.h:8:
In file included from /home/yanchun/Projects/vllm.xpu/.venv/lib/python3.12/site-packages/torch/include/torch/csrc/api/include/torch/autograd.h:4:
In file included from /home/yanchun/Projects/vllm.xpu/.venv/lib/python3.12/site-packages/torch/include/torch/csrc/autograd/autograd.h:4:
In file included from /home/yanchun/Projects/vllm.xpu/.venv/lib/python3.12/site-packages/torch/include/torch/csrc/autograd/variable.h:7:
In file included from /home/yanchun/Projects/vllm.xpu/.venv/lib/python3.12/site-packages/torch/include/torch/csrc/autograd/cpp_hook.h:3:
In file included from /home/yanchun/Projects/vllm.xpu/.venv/lib/python3.12/site-packages/torch/include/torch/csrc/autograd/function_hook.h:4:
In file included from /home/yanchun/Projects/vllm.xpu/.venv/lib/python3.12/site-packages/torch/include/ATen/Tensor.h:4:
In file included from /home/yanchun/Projects/vllm.xpu/.venv/lib/python3.12/site-packages/torch/include/ATen/core/Tensor.h:4:
In file included from /home/yanchun/Projects/vllm.xpu/.venv/lib/python3.12/site-packages/torch/include/ATen/core/TensorBody.h:17:
In file included from /home/yanchun/Projects/vllm.xpu/.venv/lib/python3.12/site-packages/torch/include/c10/core/Scalar.h:19:
In file included from /home/yanchun/Projects/vllm.xpu/.venv/lib/python3.12/site-packages/torch/include/c10/util/TypeCast.h:12:
/home/yanchun/Projects/vllm.xpu/.venv/lib/python3.12/site-packages/torch/include/c10/util/overflows.h:66:30: warning: use of infinity is undefined behavior due to the currently enabled floating-point options [-Wnan-infinity-disabled]
   66 |   if (limit::has_infinity && std::isinf(static_cast<double>(f))) {
      |                              ^~~~~~~~~~~~~~~~~~~~~~~~~~~~~~~~~~
/home/yanchun/Projects/vllm.xpu/.venv/lib/python3.12/site-packages/torch/include/c10/util/TypeCast.h:197:36: note: in instantiation of function template specialization 'c10::overflows<unsigned short, double>' requested here
  197 |   if (!std::is_same_v<To, bool> && overflows<To, From>(f)) {
      |                                    ^
/home/yanchun/Projects/vllm.xpu/.venv/lib/python3.12/site-packages/torch/include/c10/core/Scalar.h:142:3: note: in instantiation of function template specialization 'c10::checked_convert<unsigned short, double>' requested here
  142 |   DEFINE_ACCESSOR(uint16_t, UInt16)
      |   ^
/home/yanchun/Projects/vllm.xpu/.venv/lib/python3.12/site-packages/torch/include/c10/core/Scalar.h:117:14: note: expanded from macro 'DEFINE_ACCESSOR'
  117 |       return checked_convert<type, double>(v.d, #type);               \
      |              ^
In file included from /home/yanchun/Projects/exl3xpu/csrc/exl3_ops.sycl:3:
In file included from /home/yanchun/Projects/vllm.xpu/.venv/lib/python3.12/site-packages/torch/include/torch/csrc/api/include/torch/all.h:8:
In file included from /home/yanchun/Projects/vllm.xpu/.venv/lib/python3.12/site-packages/torch/include/torch/csrc/api/include/torch/autograd.h:4:
In file included from /home/yanchun/Projects/vllm.xpu/.venv/lib/python3.12/site-packages/torch/include/torch/csrc/autograd/autograd.h:4:
In file included from /home/yanchun/Projects/vllm.xpu/.venv/lib/python3.12/site-packages/torch/include/torch/csrc/autograd/variable.h:7:
In file included from /home/yanchun/Projects/vllm.xpu/.venv/lib/python3.12/site-packages/torch/include/torch/csrc/autograd/cpp_hook.h:3:
In file included from /home/yanchun/Projects/vllm.xpu/.venv/lib/python3.12/site-packages/torch/include/torch/csrc/autograd/function_hook.h:4:
In file included from /home/yanchun/Projects/vllm.xpu/.venv/lib/python3.12/site-packages/torch/include/ATen/Tensor.h:4:
In file included from /home/yanchun/Projects/vllm.xpu/.venv/lib/python3.12/site-packages/torch/include/ATen/core/Tensor.h:4:
In file included from /home/yanchun/Projects/vllm.xpu/.venv/lib/python3.12/site-packages/torch/include/ATen/core/TensorBody.h:17:
In file included from /home/yanchun/Projects/vllm.xpu/.venv/lib/python3.12/site-packages/torch/include/c10/core/Scalar.h:19:
In file included from /home/yanchun/Projects/vllm.xpu/.venv/lib/python3.12/site-packages/torch/include/c10/util/TypeCast.h:12:
/home/yanchun/Projects/vllm.xpu/.venv/lib/python3.12/site-packages/torch/include/c10/util/overflows.h:66:30: warning: use of infinity is undefined behavior due to the currently enabled floating-point options [-Wnan-infinity-disabled]
   66 |   if (limit::has_infinity && std::isinf(static_cast<double>(f))) {
      |                              ^~~~~~~~~~~~~~~~~~~~~~~~~~~~~~~~~~
/home/yanchun/Projects/vllm.xpu/.venv/lib/python3.12/site-packages/torch/include/c10/util/TypeCast.h:197:36: note: in instantiation of function template specialization 'c10::overflows<unsigned int, double>' requested here
  197 |   if (!std::is_same_v<To, bool> && overflows<To, From>(f)) {
      |                                    ^
/home/yanchun/Projects/vllm.xpu/.venv/lib/python3.12/site-packages/torch/include/c10/core/Scalar.h:143:3: note: in instantiation of function template specialization 'c10::checked_convert<unsigned int, double>' requested here
  143 |   DEFINE_ACCESSOR(uint32_t, UInt32)
      |   ^
/home/yanchun/Projects/vllm.xpu/.venv/lib/python3.12/site-packages/torch/include/c10/core/Scalar.h:117:14: note: expanded from macro 'DEFINE_ACCESSOR'
  117 |       return checked_convert<type, double>(v.d, #type);               \
      |              ^
In file included from /home/yanchun/Projects/exl3xpu/csrc/exl3_ops.sycl:3:
In file included from /home/yanchun/Projects/vllm.xpu/.venv/lib/python3.12/site-packages/torch/include/torch/csrc/api/include/torch/all.h:8:
In file included from /home/yanchun/Projects/vllm.xpu/.venv/lib/python3.12/site-packages/torch/include/torch/csrc/api/include/torch/autograd.h:4:
In file included from /home/yanchun/Projects/vllm.xpu/.venv/lib/python3.12/site-packages/torch/include/torch/csrc/autograd/autograd.h:4:
In file included from /home/yanchun/Projects/vllm.xpu/.venv/lib/python3.12/site-packages/torch/include/torch/csrc/autograd/variable.h:7:
In file included from /home/yanchun/Projects/vllm.xpu/.venv/lib/python3.12/site-packages/torch/include/torch/csrc/autograd/cpp_hook.h:3:
In file included from /home/yanchun/Projects/vllm.xpu/.venv/lib/python3.12/site-packages/torch/include/torch/csrc/autograd/function_hook.h:4:
In file included from /home/yanchun/Projects/vllm.xpu/.venv/lib/python3.12/site-packages/torch/include/ATen/Tensor.h:4:
In file included from /home/yanchun/Projects/vllm.xpu/.venv/lib/python3.12/site-packages/torch/include/ATen/core/Tensor.h:4:
In file included from /home/yanchun/Projects/vllm.xpu/.venv/lib/python3.12/site-packages/torch/include/ATen/core/TensorBody.h:17:
In file included from /home/yanchun/Projects/vllm.xpu/.venv/lib/python3.12/site-packages/torch/include/c10/core/Scalar.h:19:
In file included from /home/yanchun/Projects/vllm.xpu/.venv/lib/python3.12/site-packages/torch/include/c10/util/TypeCast.h:12:
/home/yanchun/Projects/vllm.xpu/.venv/lib/python3.12/site-packages/torch/include/c10/util/overflows.h:66:30: warning: use of infinity is undefined behavior due to the currently enabled floating-point options [-Wnan-infinity-disabled]
   66 |   if (limit::has_infinity && std::isinf(static_cast<double>(f))) {
      |                              ^~~~~~~~~~~~~~~~~~~~~~~~~~~~~~~~~~
/home/yanchun/Projects/vllm.xpu/.venv/lib/python3.12/site-packages/torch/include/c10/util/TypeCast.h:197:36: note: in instantiation of function template specialization 'c10::overflows<unsigned long, double>' requested here
  197 |   if (!std::is_same_v<To, bool> && overflows<To, From>(f)) {
      |                                    ^
/home/yanchun/Projects/vllm.xpu/.venv/lib/python3.12/site-packages/torch/include/c10/core/Scalar.h:144:3: note: in instantiation of function template specialization 'c10::checked_convert<unsigned long, double>' requested here
  144 |   DEFINE_ACCESSOR(uint64_t, UInt64)
      |   ^
/home/yanchun/Projects/vllm.xpu/.venv/lib/python3.12/site-packages/torch/include/c10/core/Scalar.h:117:14: note: expanded from macro 'DEFINE_ACCESSOR'
  117 |       return checked_convert<type, double>(v.d, #type);               \
      |              ^
/home/yanchun/Projects/exl3xpu/csrc/exl3_ops.sycl:122:44: warning: 'parallel_for' is deprecated: To specify properties, use a launch configuration object of type launch_config or a kernel functor with a get(sycl::ext::oneapi::experimental::properties_tag) member function instead. [-Wdeprecated-declarations]
  122 |         q.submit([&](sycl::handler& h) { h.parallel_for(sycl::nd_range<1>(round_up(n, local), local), props, k); });
      |                                            ^
/home/yanchun/Projects/exl3xpu/csrc/exl3_ops.sycl:122:40: note: while substituting into a lambda expression here
  122 |         q.submit([&](sycl::handler& h) { h.parallel_for(sycl::nd_range<1>(round_up(n, local), local), props, k); });
      |                                        ^
/home/yanchun/Projects/exl3xpu/csrc/exl3_ops.sycl:157:18: note: in instantiation of function template specialization 'launch_dpas<4, 2, 40, 2>' requested here
  157 |         case 40: launch_dpas<K, CB, 40, 2>(xh, tr, shard, part, M, Kdim, N, P, rps, q); return true;
      |                  ^
/home/yanchun/Projects/exl3xpu/csrc/exl3_ops.sycl:324:5: note: in instantiation of function template specialization 'dispatch_dpas<4, 2>' requested here
  324 |     EXL3_CASE(4, 2) EXL3_CASE(6, 2)
      |     ^
/home/yanchun/Projects/exl3xpu/csrc/exl3_ops.sycl:323:45: note: expanded from macro 'EXL3_CASE'
  323 |                                           : dispatch_dpas<KK, CC>(MB, xh, trellis, shard_of_nb, part, M, Kdim, N, P, rps, q);
      |                                             ^
/opt/intel/oneapi/compiler/2026.0/bin/compiler/../../include/sycl/handler.hpp:1542:28: note: 'parallel_for' has been explicitly marked deprecated here
 1542 |       PropertiesT>::value> parallel_for(nd_range<Dims> Range,
      |                            ^
/home/yanchun/Projects/exl3xpu/csrc/exl3_ops.sycl:122:44: warning: 'parallel_for<sycl::detail::auto_name, exl3::DpasKernel<4, 2, 40, 2>, sycl::ext::oneapi::experimental::properties<sycl::ext::oneapi::experimental::detail::properties_type_list<sycl::ext::oneapi::experimental::property_value<sycl::ext::intel::experimental::grf_size_key, std::integral_constant<unsigned int, 256>>>>, 1>' is deprecated: To specify properties, use a launch configuration object of type launch_config or a kernel functor with a get(sycl::ext::oneapi::experimental::properties_tag) member function instead. [-Wdeprecated-declarations]
  122 |         q.submit([&](sycl::handler& h) { h.parallel_for(sycl::nd_range<1>(round_up(n, local), local), props, k); });
      |                                            ^
/opt/intel/oneapi/compiler/2026.0/bin/compiler/../../include/sycl/handler.hpp:1537:3: note: 'parallel_for<sycl::detail::auto_name, exl3::DpasKernel<4, 2, 40, 2>, sycl::ext::oneapi::experimental::properties<sycl::ext::oneapi::experimental::detail::properties_type_list<sycl::ext::oneapi::experimental::property_value<sycl::ext::intel::experimental::grf_size_key, std::integral_constant<unsigned int, 256>>>>, 1>' has been explicitly marked deprecated here
 1537 |   __SYCL_DEPRECATED("To specify properties, use a launch configuration object "
      |   ^
/opt/intel/oneapi/compiler/2026.0/bin/compiler/../../include/sycl/detail/defines_elementary.hpp:62:38: note: expanded from macro '__SYCL_DEPRECATED'
   62 | #define __SYCL_DEPRECATED(message) [[deprecated(message)]]
      |                                      ^
/home/yanchun/Projects/exl3xpu/csrc/exl3_ops.sycl:122:44: warning: 'parallel_for' is deprecated: To specify properties, use a launch configuration object of type launch_config or a kernel functor with a get(sycl::ext::oneapi::experimental::properties_tag) member function instead. [-Wdeprecated-declarations]
  122 |         q.submit([&](sycl::handler& h) { h.parallel_for(sycl::nd_range<1>(round_up(n, local), local), props, k); });
      |                                            ^
/home/yanchun/Projects/exl3xpu/csrc/exl3_ops.sycl:122:40: note: while substituting into a lambda expression here
  122 |         q.submit([&](sycl::handler& h) { h.parallel_for(sycl::nd_range<1>(round_up(n, local), local), props, k); });
      |                                        ^
/home/yanchun/Projects/exl3xpu/csrc/exl3_ops.sycl:158:18: note: in instantiation of function template specialization 'launch_dpas<4, 2, 48, 2>' requested here
  158 |         case 48: launch_dpas<K, CB, 48, 2>(xh, tr, shard, part, M, Kdim, N, P, rps, q); return true;
      |                  ^
/home/yanchun/Projects/exl3xpu/csrc/exl3_ops.sycl:324:5: note: in instantiation of function template specialization 'dispatch_dpas<4, 2>' requested here
  324 |     EXL3_CASE(4, 2) EXL3_CASE(6, 2)
      |     ^
/home/yanchun/Projects/exl3xpu/csrc/exl3_ops.sycl:323:45: note: expanded from macro 'EXL3_CASE'
  323 |                                           : dispatch_dpas<KK, CC>(MB, xh, trellis, shard_of_nb, part, M, Kdim, N, P, rps, q);
      |                                             ^
/opt/intel/oneapi/compiler/2026.0/bin/compiler/../../include/sycl/handler.hpp:1542:28: note: 'parallel_for' has been explicitly marked deprecated here
 1542 |       PropertiesT>::value> parallel_for(nd_range<Dims> Range,
      |                            ^
/home/yanchun/Projects/exl3xpu/csrc/exl3_ops.sycl:122:44: warning: 'parallel_for<sycl::detail::auto_name, exl3::DpasKernel<4, 2, 48, 2>, sycl::ext::oneapi::experimental::properties<sycl::ext::oneapi::experimental::detail::properties_type_list<sycl::ext::oneapi::experimental::property_value<sycl::ext::intel::experimental::grf_size_key, std::integral_constant<unsigned int, 256>>>>, 1>' is deprecated: To specify properties, use a launch configuration object of type launch_config or a kernel functor with a get(sycl::ext::oneapi::experimental::properties_tag) member function instead. [-Wdeprecated-declarations]
  122 |         q.submit([&](sycl::handler& h) { h.parallel_for(sycl::nd_range<1>(round_up(n, local), local), props, k); });
      |                                            ^
/opt/intel/oneapi/compiler/2026.0/bin/compiler/../../include/sycl/handler.hpp:1537:3: note: 'parallel_for<sycl::detail::auto_name, exl3::DpasKernel<4, 2, 48, 2>, sycl::ext::oneapi::experimental::properties<sycl::ext::oneapi::experimental::detail::properties_type_list<sycl::ext::oneapi::experimental::property_value<sycl::ext::intel::experimental::grf_size_key, std::integral_constant<unsigned int, 256>>>>, 1>' has been explicitly marked deprecated here
 1537 |   __SYCL_DEPRECATED("To specify properties, use a launch configuration object "
      |   ^
/opt/intel/oneapi/compiler/2026.0/bin/compiler/../../include/sycl/detail/defines_elementary.hpp:62:38: note: expanded from macro '__SYCL_DEPRECATED'
   62 | #define __SYCL_DEPRECATED(message) [[deprecated(message)]]
      |                                      ^
/home/yanchun/Projects/exl3xpu/csrc/exl3_ops.sycl:122:44: warning: 'parallel_for' is deprecated: To specify properties, use a launch configuration object of type launch_config or a kernel functor with a get(sycl::ext::oneapi::experimental::properties_tag) member function instead. [-Wdeprecated-declarations]
  122 |         q.submit([&](sycl::handler& h) { h.parallel_for(sycl::nd_range<1>(round_up(n, local), local), props, k); });
      |                                            ^
/home/yanchun/Projects/exl3xpu/csrc/exl3_ops.sycl:122:40: note: while substituting into a lambda expression here
  122 |         q.submit([&](sycl::handler& h) { h.parallel_for(sycl::nd_range<1>(round_up(n, local), local), props, k); });
      |                                        ^
/home/yanchun/Projects/exl3xpu/csrc/exl3_ops.sycl:163:18: note: in instantiation of function template specialization 'launch_dpas<4, 2, 64, 2>' requested here
  163 |         case 64: launch_dpas<K, CB, 64, EXL3_DPAS64_NT>(xh, tr, shard, part, M, Kdim, N, P, rps, q); return true;
      |                  ^
/home/yanchun/Projects/exl3xpu/csrc/exl3_ops.sycl:324:5: note: in instantiation of function template specialization 'dispatch_dpas<4, 2>' requested here
  324 |     EXL3_CASE(4, 2) EXL3_CASE(6, 2)
      |     ^
/home/yanchun/Projects/exl3xpu/csrc/exl3_ops.sycl:323:45: note: expanded from macro 'EXL3_CASE'
  323 |                                           : dispatch_dpas<KK, CC>(MB, xh, trellis, shard_of_nb, part, M, Kdim, N, P, rps, q);
      |                                             ^
/opt/intel/oneapi/compiler/2026.0/bin/compiler/../../include/sycl/handler.hpp:1542:28: note: 'parallel_for' has been explicitly marked deprecated here
 1542 |       PropertiesT>::value> parallel_for(nd_range<Dims> Range,
      |                            ^
/home/yanchun/Projects/exl3xpu/csrc/exl3_ops.sycl:122:44: warning: 'parallel_for<sycl::detail::auto_name, exl3::DpasKernel<4, 2, 64, 2>, sycl::ext::oneapi::experimental::properties<sycl::ext::oneapi::experimental::detail::properties_type_list<sycl::ext::oneapi::experimental::property_value<sycl::ext::intel::experimental::grf_size_key, std::integral_constant<unsigned int, 256>>>>, 1>' is deprecated: To specify properties, use a launch configuration object of type launch_config or a kernel functor with a get(sycl::ext::oneapi::experimental::properties_tag) member function instead. [-Wdeprecated-declarations]
  122 |         q.submit([&](sycl::handler& h) { h.parallel_for(sycl::nd_range<1>(round_up(n, local), local), props, k); });
      |                                            ^
/opt/intel/oneapi/compiler/2026.0/bin/compiler/../../include/sycl/handler.hpp:1537:3: note: 'parallel_for<sycl::detail::auto_name, exl3::DpasKernel<4, 2, 64, 2>, sycl::ext::oneapi::experimental::properties<sycl::ext::oneapi::experimental::detail::properties_type_list<sycl::ext::oneapi::experimental::property_value<sycl::ext::intel::experimental::grf_size_key, std::integral_constant<unsigned int, 256>>>>, 1>' has been explicitly marked deprecated here
 1537 |   __SYCL_DEPRECATED("To specify properties, use a launch configuration object "
      |   ^
/opt/intel/oneapi/compiler/2026.0/bin/compiler/../../include/sycl/detail/defines_elementary.hpp:62:38: note: expanded from macro '__SYCL_DEPRECATED'
   62 | #define __SYCL_DEPRECATED(message) [[deprecated(message)]]
      |                                      ^
/home/yanchun/Projects/exl3xpu/csrc/exl3_ops.sycl:122:44: warning: 'parallel_for' is deprecated: To specify properties, use a launch configuration object of type launch_config or a kernel functor with a get(sycl::ext::oneapi::experimental::properties_tag) member function instead. [-Wdeprecated-declarations]
  122 |         q.submit([&](sycl::handler& h) { h.parallel_for(sycl::nd_range<1>(round_up(n, local), local), props, k); });
      |                                            ^
/home/yanchun/Projects/exl3xpu/csrc/exl3_ops.sycl:122:40: note: while substituting into a lambda expression here
  122 |         q.submit([&](sycl::handler& h) { h.parallel_for(sycl::nd_range<1>(round_up(n, local), local), props, k); });
      |                                        ^
/home/yanchun/Projects/exl3xpu/csrc/exl3_ops.sycl:157:18: note: in instantiation of function template specialization 'launch_dpas<6, 2, 40, 2>' requested here
  157 |         case 40: launch_dpas<K, CB, 40, 2>(xh, tr, shard, part, M, Kdim, N, P, rps, q); return true;
      |                  ^
/home/yanchun/Projects/exl3xpu/csrc/exl3_ops.sycl:324:21: note: in instantiation of function template specialization 'dispatch_dpas<6, 2>' requested here
  324 |     EXL3_CASE(4, 2) EXL3_CASE(6, 2)
      |                     ^
/home/yanchun/Projects/exl3xpu/csrc/exl3_ops.sycl:323:45: note: expanded from macro 'EXL3_CASE'
  323 |                                           : dispatch_dpas<KK, CC>(MB, xh, trellis, shard_of_nb, part, M, Kdim, N, P, rps, q);
      |                                             ^
/opt/intel/oneapi/compiler/2026.0/bin/compiler/../../include/sycl/handler.hpp:1542:28: note: 'parallel_for' has been explicitly marked deprecated here
 1542 |       PropertiesT>::value> parallel_for(nd_range<Dims> Range,
      |                            ^
/home/yanchun/Projects/exl3xpu/csrc/exl3_ops.sycl:122:44: warning: 'parallel_for<sycl::detail::auto_name, exl3::DpasKernel<6, 2, 40, 2>, sycl::ext::oneapi::experimental::properties<sycl::ext::oneapi::experimental::detail::properties_type_list<sycl::ext::oneapi::experimental::property_value<sycl::ext::intel::experimental::grf_size_key, std::integral_constant<unsigned int, 256>>>>, 1>' is deprecated: To specify properties, use a launch configuration object of type launch_config or a kernel functor with a get(sycl::ext::oneapi::experimental::properties_tag) member function instead. [-Wdeprecated-declarations]
  122 |         q.submit([&](sycl::handler& h) { h.parallel_for(sycl::nd_range<1>(round_up(n, local), local), props, k); });
      |                                            ^
/opt/intel/oneapi/compiler/2026.0/bin/compiler/../../include/sycl/handler.hpp:1537:3: note: 'parallel_for<sycl::detail::auto_name, exl3::DpasKernel<6, 2, 40, 2>, sycl::ext::oneapi::experimental::properties<sycl::ext::oneapi::experimental::detail::properties_type_list<sycl::ext::oneapi::experimental::property_value<sycl::ext::intel::experimental::grf_size_key, std::integral_constant<unsigned int, 256>>>>, 1>' has been explicitly marked deprecated here
 1537 |   __SYCL_DEPRECATED("To specify properties, use a launch configuration object "
      |   ^
/opt/intel/oneapi/compiler/2026.0/bin/compiler/../../include/sycl/detail/defines_elementary.hpp:62:38: note: expanded from macro '__SYCL_DEPRECATED'
   62 | #define __SYCL_DEPRECATED(message) [[deprecated(message)]]
      |                                      ^
/home/yanchun/Projects/exl3xpu/csrc/exl3_ops.sycl:122:44: warning: 'parallel_for' is deprecated: To specify properties, use a launch configuration object of type launch_config or a kernel functor with a get(sycl::ext::oneapi::experimental::properties_tag) member function instead. [-Wdeprecated-declarations]
  122 |         q.submit([&](sycl::handler& h) { h.parallel_for(sycl::nd_range<1>(round_up(n, local), local), props, k); });
      |                                            ^
/home/yanchun/Projects/exl3xpu/csrc/exl3_ops.sycl:122:40: note: while substituting into a lambda expression here
  122 |         q.submit([&](sycl::handler& h) { h.parallel_for(sycl::nd_range<1>(round_up(n, local), local), props, k); });
      |                                        ^
/home/yanchun/Projects/exl3xpu/csrc/exl3_ops.sycl:158:18: note: in instantiation of function template specialization 'launch_dpas<6, 2, 48, 2>' requested here
  158 |         case 48: launch_dpas<K, CB, 48, 2>(xh, tr, shard, part, M, Kdim, N, P, rps, q); return true;
      |                  ^
/home/yanchun/Projects/exl3xpu/csrc/exl3_ops.sycl:324:21: note: in instantiation of function template specialization 'dispatch_dpas<6, 2>' requested here
  324 |     EXL3_CASE(4, 2) EXL3_CASE(6, 2)
      |                     ^
/home/yanchun/Projects/exl3xpu/csrc/exl3_ops.sycl:323:45: note: expanded from macro 'EXL3_CASE'
  323 |                                           : dispatch_dpas<KK, CC>(MB, xh, trellis, shard_of_nb, part, M, Kdim, N, P, rps, q);
      |                                             ^
/opt/intel/oneapi/compiler/2026.0/bin/compiler/../../include/sycl/handler.hpp:1542:28: note: 'parallel_for' has been explicitly marked deprecated here
 1542 |       PropertiesT>::value> parallel_for(nd_range<Dims> Range,
      |                            ^
/home/yanchun/Projects/exl3xpu/csrc/exl3_ops.sycl:122:44: warning: 'parallel_for<sycl::detail::auto_name, exl3::DpasKernel<6, 2, 48, 2>, sycl::ext::oneapi::experimental::properties<sycl::ext::oneapi::experimental::detail::properties_type_list<sycl::ext::oneapi::experimental::property_value<sycl::ext::intel::experimental::grf_size_key, std::integral_constant<unsigned int, 256>>>>, 1>' is deprecated: To specify properties, use a launch configuration object of type launch_config or a kernel functor with a get(sycl::ext::oneapi::experimental::properties_tag) member function instead. [-Wdeprecated-declarations]
  122 |         q.submit([&](sycl::handler& h) { h.parallel_for(sycl::nd_range<1>(round_up(n, local), local), props, k); });
      |                                            ^
/opt/intel/oneapi/compiler/2026.0/bin/compiler/../../include/sycl/handler.hpp:1537:3: note: 'parallel_for<sycl::detail::auto_name, exl3::DpasKernel<6, 2, 48, 2>, sycl::ext::oneapi::experimental::properties<sycl::ext::oneapi::experimental::detail::properties_type_list<sycl::ext::oneapi::experimental::property_value<sycl::ext::intel::experimental::grf_size_key, std::integral_constant<unsigned int, 256>>>>, 1>' has been explicitly marked deprecated here
 1537 |   __SYCL_DEPRECATED("To specify properties, use a launch configuration object "
      |   ^
/opt/intel/oneapi/compiler/2026.0/bin/compiler/../../include/sycl/detail/defines_elementary.hpp:62:38: note: expanded from macro '__SYCL_DEPRECATED'
   62 | #define __SYCL_DEPRECATED(message) [[deprecated(message)]]
      |                                      ^
/home/yanchun/Projects/exl3xpu/csrc/exl3_ops.sycl:122:44: warning: 'parallel_for' is deprecated: To specify properties, use a launch configuration object of type launch_config or a kernel functor with a get(sycl::ext::oneapi::experimental::properties_tag) member function instead. [-Wdeprecated-declarations]
  122 |         q.submit([&](sycl::handler& h) { h.parallel_for(sycl::nd_range<1>(round_up(n, local), local), props, k); });
      |                                            ^
/home/yanchun/Projects/exl3xpu/csrc/exl3_ops.sycl:122:40: note: while substituting into a lambda expression here
  122 |         q.submit([&](sycl::handler& h) { h.parallel_for(sycl::nd_range<1>(round_up(n, local), local), props, k); });
      |                                        ^
/home/yanchun/Projects/exl3xpu/csrc/exl3_ops.sycl:163:18: note: in instantiation of function template specialization 'launch_dpas<6, 2, 64, 2>' requested here
  163 |         case 64: launch_dpas<K, CB, 64, EXL3_DPAS64_NT>(xh, tr, shard, part, M, Kdim, N, P, rps, q); return true;
      |                  ^
/home/yanchun/Projects/exl3xpu/csrc/exl3_ops.sycl:324:21: note: in instantiation of function template specialization 'dispatch_dpas<6, 2>' requested here
  324 |     EXL3_CASE(4, 2) EXL3_CASE(6, 2)
      |                     ^
/home/yanchun/Projects/exl3xpu/csrc/exl3_ops.sycl:323:45: note: expanded from macro 'EXL3_CASE'
  323 |                                           : dispatch_dpas<KK, CC>(MB, xh, trellis, shard_of_nb, part, M, Kdim, N, P, rps, q);
      |                                             ^
/opt/intel/oneapi/compiler/2026.0/bin/compiler/../../include/sycl/handler.hpp:1542:28: note: 'parallel_for' has been explicitly marked deprecated here
 1542 |       PropertiesT>::value> parallel_for(nd_range<Dims> Range,
      |                            ^
/home/yanchun/Projects/exl3xpu/csrc/exl3_ops.sycl:122:44: warning: 'parallel_for<sycl::detail::auto_name, exl3::DpasKernel<6, 2, 64, 2>, sycl::ext::oneapi::experimental::properties<sycl::ext::oneapi::experimental::detail::properties_type_list<sycl::ext::oneapi::experimental::property_value<sycl::ext::intel::experimental::grf_size_key, std::integral_constant<unsigned int, 256>>>>, 1>' is deprecated: To specify properties, use a launch configuration object of type launch_config or a kernel functor with a get(sycl::ext::oneapi::experimental::properties_tag) member function instead. [-Wdeprecated-declarations]
  122 |         q.submit([&](sycl::handler& h) { h.parallel_for(sycl::nd_range<1>(round_up(n, local), local), props, k); });
      |                                            ^
/opt/intel/oneapi/compiler/2026.0/bin/compiler/../../include/sycl/handler.hpp:1537:3: note: 'parallel_for<sycl::detail::auto_name, exl3::DpasKernel<6, 2, 64, 2>, sycl::ext::oneapi::experimental::properties<sycl::ext::oneapi::experimental::detail::properties_type_list<sycl::ext::oneapi::experimental::property_value<sycl::ext::intel::experimental::grf_size_key, std::integral_constant<unsigned int, 256>>>>, 1>' has been explicitly marked deprecated here
 1537 |   __SYCL_DEPRECATED("To specify properties, use a launch configuration object "
      |   ^
/opt/intel/oneapi/compiler/2026.0/bin/compiler/../../include/sycl/detail/defines_elementary.hpp:62:38: note: expanded from macro '__SYCL_DEPRECATED'
   62 | #define __SYCL_DEPRECATED(message) [[deprecated(message)]]
      |                                      ^
/home/yanchun/Projects/exl3xpu/csrc/exl3_ops.sycl:122:44: warning: 'parallel_for' is deprecated: To specify properties, use a launch configuration object of type launch_config or a kernel functor with a get(sycl::ext::oneapi::experimental::properties_tag) member function instead. [-Wdeprecated-declarations]
  122 |         q.submit([&](sycl::handler& h) { h.parallel_for(sycl::nd_range<1>(round_up(n, local), local), props, k); });
      |                                            ^
/home/yanchun/Projects/exl3xpu/csrc/exl3_ops.sycl:122:40: note: while substituting into a lambda expression here
  122 |         q.submit([&](sycl::handler& h) { h.parallel_for(sycl::nd_range<1>(round_up(n, local), local), props, k); });
      |                                        ^
/home/yanchun/Projects/exl3xpu/csrc/exl3_ops.sycl:157:18: note: in instantiation of function template specialization 'launch_dpas<2, 2, 40, 2>' requested here
  157 |         case 40: launch_dpas<K, CB, 40, 2>(xh, tr, shard, part, M, Kdim, N, P, rps, q); return true;
      |                  ^
/home/yanchun/Projects/exl3xpu/csrc/exl3_ops.sycl:326:5: note: in instantiation of function template specialization 'dispatch_dpas<2, 2>' requested here
  326 |     EXL3_CASE(2, 2) EXL3_CASE(3, 2) EXL3_CASE(5, 2)
      |     ^
/home/yanchun/Projects/exl3xpu/csrc/exl3_ops.sycl:323:45: note: expanded from macro 'EXL3_CASE'
  323 |                                           : dispatch_dpas<KK, CC>(MB, xh, trellis, shard_of_nb, part, M, Kdim, N, P, rps, q);
      |                                             ^
/opt/intel/oneapi/compiler/2026.0/bin/compiler/../../include/sycl/handler.hpp:1542:28: note: 'parallel_for' has been explicitly marked deprecated here
 1542 |       PropertiesT>::value> parallel_for(nd_range<Dims> Range,
      |                            ^
/home/yanchun/Projects/exl3xpu/csrc/exl3_ops.sycl:122:44: warning: 'parallel_for<sycl::detail::auto_name, exl3::DpasKernel<2, 2, 40, 2>, sycl::ext::oneapi::experimental::properties<sycl::ext::oneapi::experimental::detail::properties_type_list<sycl::ext::oneapi::experimental::property_value<sycl::ext::intel::experimental::grf_size_key, std::integral_constant<unsigned int, 256>>>>, 1>' is deprecated: To specify properties, use a launch configuration object of type launch_config or a kernel functor with a get(sycl::ext::oneapi::experimental::properties_tag) member function instead. [-Wdeprecated-declarations]
  122 |         q.submit([&](sycl::handler& h) { h.parallel_for(sycl::nd_range<1>(round_up(n, local), local), props, k); });
      |                                            ^
/opt/intel/oneapi/compiler/2026.0/bin/compiler/../../include/sycl/handler.hpp:1537:3: note: 'parallel_for<sycl::detail::auto_name, exl3::DpasKernel<2, 2, 40, 2>, sycl::ext::oneapi::experimental::properties<sycl::ext::oneapi::experimental::detail::properties_type_list<sycl::ext::oneapi::experimental::property_value<sycl::ext::intel::experimental::grf_size_key, std::integral_constant<unsigned int, 256>>>>, 1>' has been explicitly marked deprecated here
 1537 |   __SYCL_DEPRECATED("To specify properties, use a launch configuration object "
      |   ^
/opt/intel/oneapi/compiler/2026.0/bin/compiler/../../include/sycl/detail/defines_elementary.hpp:62:38: note: expanded from macro '__SYCL_DEPRECATED'
   62 | #define __SYCL_DEPRECATED(message) [[deprecated(message)]]
      |                                      ^
/home/yanchun/Projects/exl3xpu/csrc/exl3_ops.sycl:122:44: warning: 'parallel_for' is deprecated: To specify properties, use a launch configuration object of type launch_config or a kernel functor with a get(sycl::ext::oneapi::experimental::properties_tag) member function instead. [-Wdeprecated-declarations]
  122 |         q.submit([&](sycl::handler& h) { h.parallel_for(sycl::nd_range<1>(round_up(n, local), local), props, k); });
      |                                            ^
/home/yanchun/Projects/exl3xpu/csrc/exl3_ops.sycl:122:40: note: while substituting into a lambda expression here
  122 |         q.submit([&](sycl::handler& h) { h.parallel_for(sycl::nd_range<1>(round_up(n, local), local), props, k); });
      |                                        ^
/home/yanchun/Projects/exl3xpu/csrc/exl3_ops.sycl:158:18: note: in instantiation of function template specialization 'launch_dpas<2, 2, 48, 2>' requested here
  158 |         case 48: launch_dpas<K, CB, 48, 2>(xh, tr, shard, part, M, Kdim, N, P, rps, q); return true;
      |                  ^
/home/yanchun/Projects/exl3xpu/csrc/exl3_ops.sycl:326:5: note: in instantiation of function template specialization 'dispatch_dpas<2, 2>' requested here
  326 |     EXL3_CASE(2, 2) EXL3_CASE(3, 2) EXL3_CASE(5, 2)
      |     ^
/home/yanchun/Projects/exl3xpu/csrc/exl3_ops.sycl:323:45: note: expanded from macro 'EXL3_CASE'
  323 |                                           : dispatch_dpas<KK, CC>(MB, xh, trellis, shard_of_nb, part, M, Kdim, N, P, rps, q);
      |                                             ^
/opt/intel/oneapi/compiler/2026.0/bin/compiler/../../include/sycl/handler.hpp:1542:28: note: 'parallel_for' has been explicitly marked deprecated here
 1542 |       PropertiesT>::value> parallel_for(nd_range<Dims> Range,
      |                            ^
/home/yanchun/Projects/exl3xpu/csrc/exl3_ops.sycl:122:44: warning: 'parallel_for<sycl::detail::auto_name, exl3::DpasKernel<2, 2, 48, 2>, sycl::ext::oneapi::experimental::properties<sycl::ext::oneapi::experimental::detail::properties_type_list<sycl::ext::oneapi::experimental::property_value<sycl::ext::intel::experimental::grf_size_key, std::integral_constant<unsigned int, 256>>>>, 1>' is deprecated: To specify properties, use a launch configuration object of type launch_config or a kernel functor with a get(sycl::ext::oneapi::experimental::properties_tag) member function instead. [-Wdeprecated-declarations]
  122 |         q.submit([&](sycl::handler& h) { h.parallel_for(sycl::nd_range<1>(round_up(n, local), local), props, k); });
      |                                            ^
/opt/intel/oneapi/compiler/2026.0/bin/compiler/../../include/sycl/handler.hpp:1537:3: note: 'parallel_for<sycl::detail::auto_name, exl3::DpasKernel<2, 2, 48, 2>, sycl::ext::oneapi::experimental::properties<sycl::ext::oneapi::experimental::detail::properties_type_list<sycl::ext::oneapi::experimental::property_value<sycl::ext::intel::experimental::grf_size_key, std::integral_constant<unsigned int, 256>>>>, 1>' has been explicitly marked deprecated here
 1537 |   __SYCL_DEPRECATED("To specify properties, use a launch configuration object "
      |   ^
/opt/intel/oneapi/compiler/2026.0/bin/compiler/../../include/sycl/detail/defines_elementary.hpp:62:38: note: expanded from macro '__SYCL_DEPRECATED'
   62 | #define __SYCL_DEPRECATED(message) [[deprecated(message)]]
      |                                      ^
/home/yanchun/Projects/exl3xpu/csrc/exl3_ops.sycl:122:44: warning: 'parallel_for' is deprecated: To specify properties, use a launch configuration object of type launch_config or a kernel functor with a get(sycl::ext::oneapi::experimental::properties_tag) member function instead. [-Wdeprecated-declarations]
  122 |         q.submit([&](sycl::handler& h) { h.parallel_for(sycl::nd_range<1>(round_up(n, local), local), props, k); });
      |                                            ^
/home/yanchun/Projects/exl3xpu/csrc/exl3_ops.sycl:122:40: note: while substituting into a lambda expression here
  122 |         q.submit([&](sycl::handler& h) { h.parallel_for(sycl::nd_range<1>(round_up(n, local), local), props, k); });
      |                                        ^
/home/yanchun/Projects/exl3xpu/csrc/exl3_ops.sycl:163:18: note: in instantiation of function template specialization 'launch_dpas<2, 2, 64, 2>' requested here
  163 |         case 64: launch_dpas<K, CB, 64, EXL3_DPAS64_NT>(xh, tr, shard, part, M, Kdim, N, P, rps, q); return true;
      |                  ^
/home/yanchun/Projects/exl3xpu/csrc/exl3_ops.sycl:326:5: note: in instantiation of function template specialization 'dispatch_dpas<2, 2>' requested here
  326 |     EXL3_CASE(2, 2) EXL3_CASE(3, 2) EXL3_CASE(5, 2)
      |     ^
/home/yanchun/Projects/exl3xpu/csrc/exl3_ops.sycl:323:45: note: expanded from macro 'EXL3_CASE'
  323 |                                           : dispatch_dpas<KK, CC>(MB, xh, trellis, shard_of_nb, part, M, Kdim, N, P, rps, q);
      |                                             ^
/opt/intel/oneapi/compiler/2026.0/bin/compiler/../../include/sycl/handler.hpp:1542:28: note: 'parallel_for' has been explicitly marked deprecated here
 1542 |       PropertiesT>::value> parallel_for(nd_range<Dims> Range,
      |                            ^
/home/yanchun/Projects/exl3xpu/csrc/exl3_ops.sycl:122:44: warning: 'parallel_for<sycl::detail::auto_name, exl3::DpasKernel<2, 2, 64, 2>, sycl::ext::oneapi::experimental::properties<sycl::ext::oneapi::experimental::detail::properties_type_list<sycl::ext::oneapi::experimental::property_value<sycl::ext::intel::experimental::grf_size_key, std::integral_constant<unsigned int, 256>>>>, 1>' is deprecated: To specify properties, use a launch configuration object of type launch_config or a kernel functor with a get(sycl::ext::oneapi::experimental::properties_tag) member function instead. [-Wdeprecated-declarations]
  122 |         q.submit([&](sycl::handler& h) { h.parallel_for(sycl::nd_range<1>(round_up(n, local), local), props, k); });
      |                                            ^
/opt/intel/oneapi/compiler/2026.0/bin/compiler/../../include/sycl/handler.hpp:1537:3: note: 'parallel_for<sycl::detail::auto_name, exl3::DpasKernel<2, 2, 64, 2>, sycl::ext::oneapi::experimental::properties<sycl::ext::oneapi::experimental::detail::properties_type_list<sycl::ext::oneapi::experimental::property_value<sycl::ext::intel::experimental::grf_size_key, std::integral_constant<unsigned int, 256>>>>, 1>' has been explicitly marked deprecated here
 1537 |   __SYCL_DEPRECATED("To specify properties, use a launch configuration object "
      |   ^
/opt/intel/oneapi/compiler/2026.0/bin/compiler/../../include/sycl/detail/defines_elementary.hpp:62:38: note: expanded from macro '__SYCL_DEPRECATED'
   62 | #define __SYCL_DEPRECATED(message) [[deprecated(message)]]
      |                                      ^
/home/yanchun/Projects/exl3xpu/csrc/exl3_ops.sycl:122:44: warning: 'parallel_for' is deprecated: To specify properties, use a launch configuration object of type launch_config or a kernel functor with a get(sycl::ext::oneapi::experimental::properties_tag) member function instead. [-Wdeprecated-declarations]
  122 |         q.submit([&](sycl::handler& h) { h.parallel_for(sycl::nd_range<1>(round_up(n, local), local), props, k); });
      |                                            ^
/home/yanchun/Projects/exl3xpu/csrc/exl3_ops.sycl:122:40: note: while substituting into a lambda expression here
  122 |         q.submit([&](sycl::handler& h) { h.parallel_for(sycl::nd_range<1>(round_up(n, local), local), props, k); });
      |                                        ^
/home/yanchun/Projects/exl3xpu/csrc/exl3_ops.sycl:157:18: note: in instantiation of function template specialization 'launch_dpas<3, 2, 40, 2>' requested here
  157 |         case 40: launch_dpas<K, CB, 40, 2>(xh, tr, shard, part, M, Kdim, N, P, rps, q); return true;
      |                  ^
/home/yanchun/Projects/exl3xpu/csrc/exl3_ops.sycl:326:21: note: in instantiation of function template specialization 'dispatch_dpas<3, 2>' requested here
  326 |     EXL3_CASE(2, 2) EXL3_CASE(3, 2) EXL3_CASE(5, 2)
      |                     ^
/home/yanchun/Projects/exl3xpu/csrc/exl3_ops.sycl:323:45: note: expanded from macro 'EXL3_CASE'
  323 |                                           : dispatch_dpas<KK, CC>(MB, xh, trellis, shard_of_nb, part, M, Kdim, N, P, rps, q);
      |                                             ^
/opt/intel/oneapi/compiler/2026.0/bin/compiler/../../include/sycl/handler.hpp:1542:28: note: 'parallel_for' has been explicitly marked deprecated here
 1542 |       PropertiesT>::value> parallel_for(nd_range<Dims> Range,
      |                            ^
/home/yanchun/Projects/exl3xpu/csrc/exl3_ops.sycl:122:44: warning: 'parallel_for<sycl::detail::auto_name, exl3::DpasKernel<3, 2, 40, 2>, sycl::ext::oneapi::experimental::properties<sycl::ext::oneapi::experimental::detail::properties_type_list<sycl::ext::oneapi::experimental::property_value<sycl::ext::intel::experimental::grf_size_key, std::integral_constant<unsigned int, 256>>>>, 1>' is deprecated: To specify properties, use a launch configuration object of type launch_config or a kernel functor with a get(sycl::ext::oneapi::experimental::properties_tag) member function instead. [-Wdeprecated-declarations]
  122 |         q.submit([&](sycl::handler& h) { h.parallel_for(sycl::nd_range<1>(round_up(n, local), local), props, k); });
      |                                            ^
/opt/intel/oneapi/compiler/2026.0/bin/compiler/../../include/sycl/handler.hpp:1537:3: note: 'parallel_for<sycl::detail::auto_name, exl3::DpasKernel<3, 2, 40, 2>, sycl::ext::oneapi::experimental::properties<sycl::ext::oneapi::experimental::detail::properties_type_list<sycl::ext::oneapi::experimental::property_value<sycl::ext::intel::experimental::grf_size_key, std::integral_constant<unsigned int, 256>>>>, 1>' has been explicitly marked deprecated here
 1537 |   __SYCL_DEPRECATED("To specify properties, use a launch configuration object "
      |   ^
/opt/intel/oneapi/compiler/2026.0/bin/compiler/../../include/sycl/detail/defines_elementary.hpp:62:38: note: expanded from macro '__SYCL_DEPRECATED'
   62 | #define __SYCL_DEPRECATED(message) [[deprecated(message)]]
      |                                      ^
/home/yanchun/Projects/exl3xpu/csrc/exl3_ops.sycl:122:44: warning: 'parallel_for' is deprecated: To specify properties, use a launch configuration object of type launch_config or a kernel functor with a get(sycl::ext::oneapi::experimental::properties_tag) member function instead. [-Wdeprecated-declarations]
  122 |         q.submit([&](sycl::handler& h) { h.parallel_for(sycl::nd_range<1>(round_up(n, local), local), props, k); });
      |                                            ^
/home/yanchun/Projects/exl3xpu/csrc/exl3_ops.sycl:122:40: note: while substituting into a lambda expression here
  122 |         q.submit([&](sycl::handler& h) { h.parallel_for(sycl::nd_range<1>(round_up(n, local), local), props, k); });
      |                                        ^
/home/yanchun/Projects/exl3xpu/csrc/exl3_ops.sycl:158:18: note: in instantiation of function template specialization 'launch_dpas<3, 2, 48, 2>' requested here
  158 |         case 48: launch_dpas<K, CB, 48, 2>(xh, tr, shard, part, M, Kdim, N, P, rps, q); return true;
      |                  ^
/home/yanchun/Projects/exl3xpu/csrc/exl3_ops.sycl:326:21: note: in instantiation of function template specialization 'dispatch_dpas<3, 2>' requested here
  326 |     EXL3_CASE(2, 2) EXL3_CASE(3, 2) EXL3_CASE(5, 2)
      |                     ^
/home/yanchun/Projects/exl3xpu/csrc/exl3_ops.sycl:323:45: note: expanded from macro 'EXL3_CASE'
  323 |                                           : dispatch_dpas<KK, CC>(MB, xh, trellis, shard_of_nb, part, M, Kdim, N, P, rps, q);
      |                                             ^
/opt/intel/oneapi/compiler/2026.0/bin/compiler/../../include/sycl/handler.hpp:1542:28: note: 'parallel_for' has been explicitly marked deprecated here
 1542 |       PropertiesT>::value> parallel_for(nd_range<Dims> Range,
      |                            ^
/home/yanchun/Projects/exl3xpu/csrc/exl3_ops.sycl:122:44: warning: 'parallel_for<sycl::detail::auto_name, exl3::DpasKernel<3, 2, 48, 2>, sycl::ext::oneapi::experimental::properties<sycl::ext::oneapi::experimental::detail::properties_type_list<sycl::ext::oneapi::experimental::property_value<sycl::ext::intel::experimental::grf_size_key, std::integral_constant<unsigned int, 256>>>>, 1>' is deprecated: To specify properties, use a launch configuration object of type launch_config or a kernel functor with a get(sycl::ext::oneapi::experimental::properties_tag) member function instead. [-Wdeprecated-declarations]
  122 |         q.submit([&](sycl::handler& h) { h.parallel_for(sycl::nd_range<1>(round_up(n, local), local), props, k); });
      |                                            ^
/opt/intel/oneapi/compiler/2026.0/bin/compiler/../../include/sycl/handler.hpp:1537:3: note: 'parallel_for<sycl::detail::auto_name, exl3::DpasKernel<3, 2, 48, 2>, sycl::ext::oneapi::experimental::properties<sycl::ext::oneapi::experimental::detail::properties_type_list<sycl::ext::oneapi::experimental::property_value<sycl::ext::intel::experimental::grf_size_key, std::integral_constant<unsigned int, 256>>>>, 1>' has been explicitly marked deprecated here
 1537 |   __SYCL_DEPRECATED("To specify properties, use a launch configuration object "
      |   ^
/opt/intel/oneapi/compiler/2026.0/bin/compiler/../../include/sycl/detail/defines_elementary.hpp:62:38: note: expanded from macro '__SYCL_DEPRECATED'
   62 | #define __SYCL_DEPRECATED(message) [[deprecated(message)]]
      |                                      ^
/home/yanchun/Projects/exl3xpu/csrc/exl3_ops.sycl:122:44: warning: 'parallel_for' is deprecated: To specify properties, use a launch configuration object of type launch_config or a kernel functor with a get(sycl::ext::oneapi::experimental::properties_tag) member function instead. [-Wdeprecated-declarations]
  122 |         q.submit([&](sycl::handler& h) { h.parallel_for(sycl::nd_range<1>(round_up(n, local), local), props, k); });
      |                                            ^
/home/yanchun/Projects/exl3xpu/csrc/exl3_ops.sycl:122:40: note: while substituting into a lambda expression here
  122 |         q.submit([&](sycl::handler& h) { h.parallel_for(sycl::nd_range<1>(round_up(n, local), local), props, k); });
      |                                        ^
/home/yanchun/Projects/exl3xpu/csrc/exl3_ops.sycl:163:18: note: in instantiation of function template specialization 'launch_dpas<3, 2, 64, 2>' requested here
  163 |         case 64: launch_dpas<K, CB, 64, EXL3_DPAS64_NT>(xh, tr, shard, part, M, Kdim, N, P, rps, q); return true;
      |                  ^
/home/yanchun/Projects/exl3xpu/csrc/exl3_ops.sycl:326:21: note: in instantiation of function template specialization 'dispatch_dpas<3, 2>' requested here
  326 |     EXL3_CASE(2, 2) EXL3_CASE(3, 2) EXL3_CASE(5, 2)
      |                     ^
/home/yanchun/Projects/exl3xpu/csrc/exl3_ops.sycl:323:45: note: expanded from macro 'EXL3_CASE'
  323 |                                           : dispatch_dpas<KK, CC>(MB, xh, trellis, shard_of_nb, part, M, Kdim, N, P, rps, q);
      |                                             ^
/opt/intel/oneapi/compiler/2026.0/bin/compiler/../../include/sycl/handler.hpp:1542:28: note: 'parallel_for' has been explicitly marked deprecated here
 1542 |       PropertiesT>::value> parallel_for(nd_range<Dims> Range,
      |                            ^
/home/yanchun/Projects/exl3xpu/csrc/exl3_ops.sycl:122:44: warning: 'parallel_for<sycl::detail::auto_name, exl3::DpasKernel<3, 2, 64, 2>, sycl::ext::oneapi::experimental::properties<sycl::ext::oneapi::experimental::detail::properties_type_list<sycl::ext::oneapi::experimental::property_value<sycl::ext::intel::experimental::grf_size_key, std::integral_constant<unsigned int, 256>>>>, 1>' is deprecated: To specify properties, use a launch configuration object of type launch_config or a kernel functor with a get(sycl::ext::oneapi::experimental::properties_tag) member function instead. [-Wdeprecated-declarations]
  122 |         q.submit([&](sycl::handler& h) { h.parallel_for(sycl::nd_range<1>(round_up(n, local), local), props, k); });
      |                                            ^
/opt/intel/oneapi/compiler/2026.0/bin/compiler/../../include/sycl/handler.hpp:1537:3: note: 'parallel_for<sycl::detail::auto_name, exl3::DpasKernel<3, 2, 64, 2>, sycl::ext::oneapi::experimental::properties<sycl::ext::oneapi::experimental::detail::properties_type_list<sycl::ext::oneapi::experimental::property_value<sycl::ext::intel::experimental::grf_size_key, std::integral_constant<unsigned int, 256>>>>, 1>' has been explicitly marked deprecated here
 1537 |   __SYCL_DEPRECATED("To specify properties, use a launch configuration object "
      |   ^
/opt/intel/oneapi/compiler/2026.0/bin/compiler/../../include/sycl/detail/defines_elementary.hpp:62:38: note: expanded from macro '__SYCL_DEPRECATED'
   62 | #define __SYCL_DEPRECATED(message) [[deprecated(message)]]
      |                                      ^
/home/yanchun/Projects/exl3xpu/csrc/exl3_ops.sycl:122:44: warning: 'parallel_for' is deprecated: To specify properties, use a launch configuration object of type launch_config or a kernel functor with a get(sycl::ext::oneapi::experimental::properties_tag) member function instead. [-Wdeprecated-declarations]
  122 |         q.submit([&](sycl::handler& h) { h.parallel_for(sycl::nd_range<1>(round_up(n, local), local), props, k); });
      |                                            ^
/home/yanchun/Projects/exl3xpu/csrc/exl3_ops.sycl:122:40: note: while substituting into a lambda expression here
  122 |         q.submit([&](sycl::handler& h) { h.parallel_for(sycl::nd_range<1>(round_up(n, local), local), props, k); });
      |                                        ^
/home/yanchun/Projects/exl3xpu/csrc/exl3_ops.sycl:157:18: note: in instantiation of function template specialization 'launch_dpas<5, 2, 40, 2>' requested here
  157 |         case 40: launch_dpas<K, CB, 40, 2>(xh, tr, shard, part, M, Kdim, N, P, rps, q); return true;
      |                  ^
/home/yanchun/Projects/exl3xpu/csrc/exl3_ops.sycl:326:37: note: in instantiation of function template specialization 'dispatch_dpas<5, 2>' requested here
  326 |     EXL3_CASE(2, 2) EXL3_CASE(3, 2) EXL3_CASE(5, 2)
      |                                     ^
/home/yanchun/Projects/exl3xpu/csrc/exl3_ops.sycl:323:45: note: expanded from macro 'EXL3_CASE'
  323 |                                           : dispatch_dpas<KK, CC>(MB, xh, trellis, shard_of_nb, part, M, Kdim, N, P, rps, q);
      |                                             ^
/opt/intel/oneapi/compiler/2026.0/bin/compiler/../../include/sycl/handler.hpp:1542:28: note: 'parallel_for' has been explicitly marked deprecated here
 1542 |       PropertiesT>::value> parallel_for(nd_range<Dims> Range,
      |                            ^
/home/yanchun/Projects/exl3xpu/csrc/exl3_ops.sycl:122:44: warning: 'parallel_for<sycl::detail::auto_name, exl3::DpasKernel<5, 2, 40, 2>, sycl::ext::oneapi::experimental::properties<sycl::ext::oneapi::experimental::detail::properties_type_list<sycl::ext::oneapi::experimental::property_value<sycl::ext::intel::experimental::grf_size_key, std::integral_constant<unsigned int, 256>>>>, 1>' is deprecated: To specify properties, use a launch configuration object of type launch_config or a kernel functor with a get(sycl::ext::oneapi::experimental::properties_tag) member function instead. [-Wdeprecated-declarations]
  122 |         q.submit([&](sycl::handler& h) { h.parallel_for(sycl::nd_range<1>(round_up(n, local), local), props, k); });
      |                                            ^
/opt/intel/oneapi/compiler/2026.0/bin/compiler/../../include/sycl/handler.hpp:1537:3: note: 'parallel_for<sycl::detail::auto_name, exl3::DpasKernel<5, 2, 40, 2>, sycl::ext::oneapi::experimental::properties<sycl::ext::oneapi::experimental::detail::properties_type_list<sycl::ext::oneapi::experimental::property_value<sycl::ext::intel::experimental::grf_size_key, std::integral_constant<unsigned int, 256>>>>, 1>' has been explicitly marked deprecated here
 1537 |   __SYCL_DEPRECATED("To specify properties, use a launch configuration object "
      |   ^
/opt/intel/oneapi/compiler/2026.0/bin/compiler/../../include/sycl/detail/defines_elementary.hpp:62:38: note: expanded from macro '__SYCL_DEPRECATED'
   62 | #define __SYCL_DEPRECATED(message) [[deprecated(message)]]
      |                                      ^
/home/yanchun/Projects/exl3xpu/csrc/exl3_ops.sycl:122:44: warning: 'parallel_for' is deprecated: To specify properties, use a launch configuration object of type launch_config or a kernel functor with a get(sycl::ext::oneapi::experimental::properties_tag) member function instead. [-Wdeprecated-declarations]
  122 |         q.submit([&](sycl::handler& h) { h.parallel_for(sycl::nd_range<1>(round_up(n, local), local), props, k); });
      |                                            ^
/home/yanchun/Projects/exl3xpu/csrc/exl3_ops.sycl:122:40: note: while substituting into a lambda expression here
  122 |         q.submit([&](sycl::handler& h) { h.parallel_for(sycl::nd_range<1>(round_up(n, local), local), props, k); });
      |                                        ^
/home/yanchun/Projects/exl3xpu/csrc/exl3_ops.sycl:158:18: note: in instantiation of function template specialization 'launch_dpas<5, 2, 48, 2>' requested here
  158 |         case 48: launch_dpas<K, CB, 48, 2>(xh, tr, shard, part, M, Kdim, N, P, rps, q); return true;
      |                  ^
/home/yanchun/Projects/exl3xpu/csrc/exl3_ops.sycl:326:37: note: in instantiation of function template specialization 'dispatch_dpas<5, 2>' requested here
  326 |     EXL3_CASE(2, 2) EXL3_CASE(3, 2) EXL3_CASE(5, 2)
      |                                     ^
/home/yanchun/Projects/exl3xpu/csrc/exl3_ops.sycl:323:45: note: expanded from macro 'EXL3_CASE'
  323 |                                           : dispatch_dpas<KK, CC>(MB, xh, trellis, shard_of_nb, part, M, Kdim, N, P, rps, q);
      |                                             ^
/opt/intel/oneapi/compiler/2026.0/bin/compiler/../../include/sycl/handler.hpp:1542:28: note: 'parallel_for' has been explicitly marked deprecated here
 1542 |       PropertiesT>::value> parallel_for(nd_range<Dims> Range,
      |                            ^
/home/yanchun/Projects/exl3xpu/csrc/exl3_ops.sycl:122:44: warning: 'parallel_for<sycl::detail::auto_name, exl3::DpasKernel<5, 2, 48, 2>, sycl::ext::oneapi::experimental::properties<sycl::ext::oneapi::experimental::detail::properties_type_list<sycl::ext::oneapi::experimental::property_value<sycl::ext::intel::experimental::grf_size_key, std::integral_constant<unsigned int, 256>>>>, 1>' is deprecated: To specify properties, use a launch configuration object of type launch_config or a kernel functor with a get(sycl::ext::oneapi::experimental::properties_tag) member function instead. [-Wdeprecated-declarations]
  122 |         q.submit([&](sycl::handler& h) { h.parallel_for(sycl::nd_range<1>(round_up(n, local), local), props, k); });
      |                                            ^
/opt/intel/oneapi/compiler/2026.0/bin/compiler/../../include/sycl/handler.hpp:1537:3: note: 'parallel_for<sycl::detail::auto_name, exl3::DpasKernel<5, 2, 48, 2>, sycl::ext::oneapi::experimental::properties<sycl::ext::oneapi::experimental::detail::properties_type_list<sycl::ext::oneapi::experimental::property_value<sycl::ext::intel::experimental::grf_size_key, std::integral_constant<unsigned int, 256>>>>, 1>' has been explicitly marked deprecated here
 1537 |   __SYCL_DEPRECATED("To specify properties, use a launch configuration object "
      |   ^
/opt/intel/oneapi/compiler/2026.0/bin/compiler/../../include/sycl/detail/defines_elementary.hpp:62:38: note: expanded from macro '__SYCL_DEPRECATED'
   62 | #define __SYCL_DEPRECATED(message) [[deprecated(message)]]
      |                                      ^
/home/yanchun/Projects/exl3xpu/csrc/exl3_ops.sycl:122:44: warning: 'parallel_for' is deprecated: To specify properties, use a launch configuration object of type launch_config or a kernel functor with a get(sycl::ext::oneapi::experimental::properties_tag) member function instead. [-Wdeprecated-declarations]
  122 |         q.submit([&](sycl::handler& h) { h.parallel_for(sycl::nd_range<1>(round_up(n, local), local), props, k); });
      |                                            ^
/home/yanchun/Projects/exl3xpu/csrc/exl3_ops.sycl:122:40: note: while substituting into a lambda expression here
  122 |         q.submit([&](sycl::handler& h) { h.parallel_for(sycl::nd_range<1>(round_up(n, local), local), props, k); });
      |                                        ^
/home/yanchun/Projects/exl3xpu/csrc/exl3_ops.sycl:163:18: note: in instantiation of function template specialization 'launch_dpas<5, 2, 64, 2>' requested here
  163 |         case 64: launch_dpas<K, CB, 64, EXL3_DPAS64_NT>(xh, tr, shard, part, M, Kdim, N, P, rps, q); return true;
      |                  ^
/home/yanchun/Projects/exl3xpu/csrc/exl3_ops.sycl:326:37: note: in instantiation of function template specialization 'dispatch_dpas<5, 2>' requested here
  326 |     EXL3_CASE(2, 2) EXL3_CASE(3, 2) EXL3_CASE(5, 2)
      |                                     ^
/home/yanchun/Projects/exl3xpu/csrc/exl3_ops.sycl:323:45: note: expanded from macro 'EXL3_CASE'
  323 |                                           : dispatch_dpas<KK, CC>(MB, xh, trellis, shard_of_nb, part, M, Kdim, N, P, rps, q);
      |                                             ^
/opt/intel/oneapi/compiler/2026.0/bin/compiler/../../include/sycl/handler.hpp:1542:28: note: 'parallel_for' has been explicitly marked deprecated here
 1542 |       PropertiesT>::value> parallel_for(nd_range<Dims> Range,
      |                            ^
/home/yanchun/Projects/exl3xpu/csrc/exl3_ops.sycl:122:44: warning: 'parallel_for<sycl::detail::auto_name, exl3::DpasKernel<5, 2, 64, 2>, sycl::ext::oneapi::experimental::properties<sycl::ext::oneapi::experimental::detail::properties_type_list<sycl::ext::oneapi::experimental::property_value<sycl::ext::intel::experimental::grf_size_key, std::integral_constant<unsigned int, 256>>>>, 1>' is deprecated: To specify properties, use a launch configuration object of type launch_config or a kernel functor with a get(sycl::ext::oneapi::experimental::properties_tag) member function instead. [-Wdeprecated-declarations]
  122 |         q.submit([&](sycl::handler& h) { h.parallel_for(sycl::nd_range<1>(round_up(n, local), local), props, k); });
      |                                            ^
/opt/intel/oneapi/compiler/2026.0/bin/compiler/../../include/sycl/handler.hpp:1537:3: note: 'parallel_for<sycl::detail::auto_name, exl3::DpasKernel<5, 2, 64, 2>, sycl::ext::oneapi::experimental::properties<sycl::ext::oneapi::experimental::detail::properties_type_list<sycl::ext::oneapi::experimental::property_value<sycl::ext::intel::experimental::grf_size_key, std::integral_constant<unsigned int, 256>>>>, 1>' has been explicitly marked deprecated here
 1537 |   __SYCL_DEPRECATED("To specify properties, use a launch configuration object "
      |   ^
/opt/intel/oneapi/compiler/2026.0/bin/compiler/../../include/sycl/detail/defines_elementary.hpp:62:38: note: expanded from macro '__SYCL_DEPRECATED'
   62 | #define __SYCL_DEPRECATED(message) [[deprecated(message)]]
      |                                      ^
/home/yanchun/Projects/exl3xpu/csrc/exl3_ops.sycl:122:44: warning: 'parallel_for' is deprecated: To specify properties, use a launch configuration object of type launch_config or a kernel functor with a get(sycl::ext::oneapi::experimental::properties_tag) member function instead. [-Wdeprecated-declarations]
  122 |         q.submit([&](sycl::handler& h) { h.parallel_for(sycl::nd_range<1>(round_up(n, local), local), props, k); });
      |                                            ^
/home/yanchun/Projects/exl3xpu/csrc/exl3_ops.sycl:122:40: note: while substituting into a lambda expression here
  122 |         q.submit([&](sycl::handler& h) { h.parallel_for(sycl::nd_range<1>(round_up(n, local), local), props, k); });
      |                                        ^
/home/yanchun/Projects/exl3xpu/csrc/exl3_ops.sycl:157:18: note: in instantiation of function template specialization 'launch_dpas<4, 0, 40, 2>' requested here
  157 |         case 40: launch_dpas<K, CB, 40, 2>(xh, tr, shard, part, M, Kdim, N, P, rps, q); return true;
      |                  ^
/home/yanchun/Projects/exl3xpu/csrc/exl3_ops.sycl:327:5: note: in instantiation of function template specialization 'dispatch_dpas<4, 0>' requested here
  327 |     EXL3_CASE(4, 0) EXL3_CASE(4, 1) EXL3_CASE(6, 0) EXL3_CASE(6, 1)
      |     ^
/home/yanchun/Projects/exl3xpu/csrc/exl3_ops.sycl:323:45: note: expanded from macro 'EXL3_CASE'
  323 |                                           : dispatch_dpas<KK, CC>(MB, xh, trellis, shard_of_nb, part, M, Kdim, N, P, rps, q);
      |                                             ^
/opt/intel/oneapi/compiler/2026.0/bin/compiler/../../include/sycl/handler.hpp:1542:28: note: 'parallel_for' has been explicitly marked deprecated here
 1542 |       PropertiesT>::value> parallel_for(nd_range<Dims> Range,
      |                            ^
/home/yanchun/Projects/exl3xpu/csrc/exl3_ops.sycl:122:44: warning: 'parallel_for<sycl::detail::auto_name, exl3::DpasKernel<4, 0, 40, 2>, sycl::ext::oneapi::experimental::properties<sycl::ext::oneapi::experimental::detail::properties_type_list<sycl::ext::oneapi::experimental::property_value<sycl::ext::intel::experimental::grf_size_key, std::integral_constant<unsigned int, 256>>>>, 1>' is deprecated: To specify properties, use a launch configuration object of type launch_config or a kernel functor with a get(sycl::ext::oneapi::experimental::properties_tag) member function instead. [-Wdeprecated-declarations]
  122 |         q.submit([&](sycl::handler& h) { h.parallel_for(sycl::nd_range<1>(round_up(n, local), local), props, k); });
      |                                            ^
/opt/intel/oneapi/compiler/2026.0/bin/compiler/../../include/sycl/handler.hpp:1537:3: note: 'parallel_for<sycl::detail::auto_name, exl3::DpasKernel<4, 0, 40, 2>, sycl::ext::oneapi::experimental::properties<sycl::ext::oneapi::experimental::detail::properties_type_list<sycl::ext::oneapi::experimental::property_value<sycl::ext::intel::experimental::grf_size_key, std::integral_constant<unsigned int, 256>>>>, 1>' has been explicitly marked deprecated here
 1537 |   __SYCL_DEPRECATED("To specify properties, use a launch configuration object "
      |   ^
/opt/intel/oneapi/compiler/2026.0/bin/compiler/../../include/sycl/detail/defines_elementary.hpp:62:38: note: expanded from macro '__SYCL_DEPRECATED'
   62 | #define __SYCL_DEPRECATED(message) [[deprecated(message)]]
      |                                      ^
/home/yanchun/Projects/exl3xpu/csrc/exl3_ops.sycl:122:44: warning: 'parallel_for' is deprecated: To specify properties, use a launch configuration object of type launch_config or a kernel functor with a get(sycl::ext::oneapi::experimental::properties_tag) member function instead. [-Wdeprecated-declarations]
  122 |         q.submit([&](sycl::handler& h) { h.parallel_for(sycl::nd_range<1>(round_up(n, local), local), props, k); });
      |                                            ^
/home/yanchun/Projects/exl3xpu/csrc/exl3_ops.sycl:122:40: note: while substituting into a lambda expression here
  122 |         q.submit([&](sycl::handler& h) { h.parallel_for(sycl::nd_range<1>(round_up(n, local), local), props, k); });
      |                                        ^
/home/yanchun/Projects/exl3xpu/csrc/exl3_ops.sycl:158:18: note: in instantiation of function template specialization 'launch_dpas<4, 0, 48, 2>' requested here
  158 |         case 48: launch_dpas<K, CB, 48, 2>(xh, tr, shard, part, M, Kdim, N, P, rps, q); return true;
      |                  ^
/home/yanchun/Projects/exl3xpu/csrc/exl3_ops.sycl:327:5: note: in instantiation of function template specialization 'dispatch_dpas<4, 0>' requested here
  327 |     EXL3_CASE(4, 0) EXL3_CASE(4, 1) EXL3_CASE(6, 0) EXL3_CASE(6, 1)
      |     ^
/home/yanchun/Projects/exl3xpu/csrc/exl3_ops.sycl:323:45: note: expanded from macro 'EXL3_CASE'
  323 |                                           : dispatch_dpas<KK, CC>(MB, xh, trellis, shard_of_nb, part, M, Kdim, N, P, rps, q);
      |                                             ^
/opt/intel/oneapi/compiler/2026.0/bin/compiler/../../include/sycl/handler.hpp:1542:28: note: 'parallel_for' has been explicitly marked deprecated here
 1542 |       PropertiesT>::value> parallel_for(nd_range<Dims> Range,
      |                            ^
/home/yanchun/Projects/exl3xpu/csrc/exl3_ops.sycl:122:44: warning: 'parallel_for<sycl::detail::auto_name, exl3::DpasKernel<4, 0, 48, 2>, sycl::ext::oneapi::experimental::properties<sycl::ext::oneapi::experimental::detail::properties_type_list<sycl::ext::oneapi::experimental::property_value<sycl::ext::intel::experimental::grf_size_key, std::integral_constant<unsigned int, 256>>>>, 1>' is deprecated: To specify properties, use a launch configuration object of type launch_config or a kernel functor with a get(sycl::ext::oneapi::experimental::properties_tag) member function instead. [-Wdeprecated-declarations]
  122 |         q.submit([&](sycl::handler& h) { h.parallel_for(sycl::nd_range<1>(round_up(n, local), local), props, k); });
      |                                            ^
/opt/intel/oneapi/compiler/2026.0/bin/compiler/../../include/sycl/handler.hpp:1537:3: note: 'parallel_for<sycl::detail::auto_name, exl3::DpasKernel<4, 0, 48, 2>, sycl::ext::oneapi::experimental::properties<sycl::ext::oneapi::experimental::detail::properties_type_list<sycl::ext::oneapi::experimental::property_value<sycl::ext::intel::experimental::grf_size_key, std::integral_constant<unsigned int, 256>>>>, 1>' has been explicitly marked deprecated here
 1537 |   __SYCL_DEPRECATED("To specify properties, use a launch configuration object "
      |   ^
/opt/intel/oneapi/compiler/2026.0/bin/compiler/../../include/sycl/detail/defines_elementary.hpp:62:38: note: expanded from macro '__SYCL_DEPRECATED'
   62 | #define __SYCL_DEPRECATED(message) [[deprecated(message)]]
      |                                      ^
/home/yanchun/Projects/exl3xpu/csrc/exl3_ops.sycl:122:44: warning: 'parallel_for' is deprecated: To specify properties, use a launch configuration object of type launch_config or a kernel functor with a get(sycl::ext::oneapi::experimental::properties_tag) member function instead. [-Wdeprecated-declarations]
  122 |         q.submit([&](sycl::handler& h) { h.parallel_for(sycl::nd_range<1>(round_up(n, local), local), props, k); });
      |                                            ^
/home/yanchun/Projects/exl3xpu/csrc/exl3_ops.sycl:122:40: note: while substituting into a lambda expression here
  122 |         q.submit([&](sycl::handler& h) { h.parallel_for(sycl::nd_range<1>(round_up(n, local), local), props, k); });
      |                                        ^
/home/yanchun/Projects/exl3xpu/csrc/exl3_ops.sycl:163:18: note: in instantiation of function template specialization 'launch_dpas<4, 0, 64, 2>' requested here
  163 |         case 64: launch_dpas<K, CB, 64, EXL3_DPAS64_NT>(xh, tr, shard, part, M, Kdim, N, P, rps, q); return true;
      |                  ^
/home/yanchun/Projects/exl3xpu/csrc/exl3_ops.sycl:327:5: note: in instantiation of function template specialization 'dispatch_dpas<4, 0>' requested here
  327 |     EXL3_CASE(4, 0) EXL3_CASE(4, 1) EXL3_CASE(6, 0) EXL3_CASE(6, 1)
      |     ^
/home/yanchun/Projects/exl3xpu/csrc/exl3_ops.sycl:323:45: note: expanded from macro 'EXL3_CASE'
  323 |                                           : dispatch_dpas<KK, CC>(MB, xh, trellis, shard_of_nb, part, M, Kdim, N, P, rps, q);
      |                                             ^
/opt/intel/oneapi/compiler/2026.0/bin/compiler/../../include/sycl/handler.hpp:1542:28: note: 'parallel_for' has been explicitly marked deprecated here
 1542 |       PropertiesT>::value> parallel_for(nd_range<Dims> Range,
      |                            ^
/home/yanchun/Projects/exl3xpu/csrc/exl3_ops.sycl:122:44: warning: 'parallel_for<sycl::detail::auto_name, exl3::DpasKernel<4, 0, 64, 2>, sycl::ext::oneapi::experimental::properties<sycl::ext::oneapi::experimental::detail::properties_type_list<sycl::ext::oneapi::experimental::property_value<sycl::ext::intel::experimental::grf_size_key, std::integral_constant<unsigned int, 256>>>>, 1>' is deprecated: To specify properties, use a launch configuration object of type launch_config or a kernel functor with a get(sycl::ext::oneapi::experimental::properties_tag) member function instead. [-Wdeprecated-declarations]
  122 |         q.submit([&](sycl::handler& h) { h.parallel_for(sycl::nd_range<1>(round_up(n, local), local), props, k); });
      |                                            ^
/opt/intel/oneapi/compiler/2026.0/bin/compiler/../../include/sycl/handler.hpp:1537:3: note: 'parallel_for<sycl::detail::auto_name, exl3::DpasKernel<4, 0, 64, 2>, sycl::ext::oneapi::experimental::properties<sycl::ext::oneapi::experimental::detail::properties_type_list<sycl::ext::oneapi::experimental::property_value<sycl::ext::intel::experimental::grf_size_key, std::integral_constant<unsigned int, 256>>>>, 1>' has been explicitly marked deprecated here
 1537 |   __SYCL_DEPRECATED("To specify properties, use a launch configuration object "
      |   ^
/opt/intel/oneapi/compiler/2026.0/bin/compiler/../../include/sycl/detail/defines_elementary.hpp:62:38: note: expanded from macro '__SYCL_DEPRECATED'
   62 | #define __SYCL_DEPRECATED(message) [[deprecated(message)]]
      |                                      ^
/home/yanchun/Projects/exl3xpu/csrc/exl3_ops.sycl:122:44: warning: 'parallel_for' is deprecated: To specify properties, use a launch configuration object of type launch_config or a kernel functor with a get(sycl::ext::oneapi::experimental::properties_tag) member function instead. [-Wdeprecated-declarations]
  122 |         q.submit([&](sycl::handler& h) { h.parallel_for(sycl::nd_range<1>(round_up(n, local), local), props, k); });
      |                                            ^
/home/yanchun/Projects/exl3xpu/csrc/exl3_ops.sycl:122:40: note: while substituting into a lambda expression here
  122 |         q.submit([&](sycl::handler& h) { h.parallel_for(sycl::nd_range<1>(round_up(n, local), local), props, k); });
      |                                        ^
/home/yanchun/Projects/exl3xpu/csrc/exl3_ops.sycl:157:18: note: in instantiation of function template specialization 'launch_dpas<4, 1, 40, 2>' requested here
  157 |         case 40: launch_dpas<K, CB, 40, 2>(xh, tr, shard, part, M, Kdim, N, P, rps, q); return true;
      |                  ^
/home/yanchun/Projects/exl3xpu/csrc/exl3_ops.sycl:327:21: note: in instantiation of function template specialization 'dispatch_dpas<4, 1>' requested here
  327 |     EXL3_CASE(4, 0) EXL3_CASE(4, 1) EXL3_CASE(6, 0) EXL3_CASE(6, 1)
      |                     ^
/home/yanchun/Projects/exl3xpu/csrc/exl3_ops.sycl:323:45: note: expanded from macro 'EXL3_CASE'
  323 |                                           : dispatch_dpas<KK, CC>(MB, xh, trellis, shard_of_nb, part, M, Kdim, N, P, rps, q);
      |                                             ^
/opt/intel/oneapi/compiler/2026.0/bin/compiler/../../include/sycl/handler.hpp:1542:28: note: 'parallel_for' has been explicitly marked deprecated here
 1542 |       PropertiesT>::value> parallel_for(nd_range<Dims> Range,
      |                            ^
/home/yanchun/Projects/exl3xpu/csrc/exl3_ops.sycl:122:44: warning: 'parallel_for<sycl::detail::auto_name, exl3::DpasKernel<4, 1, 40, 2>, sycl::ext::oneapi::experimental::properties<sycl::ext::oneapi::experimental::detail::properties_type_list<sycl::ext::oneapi::experimental::property_value<sycl::ext::intel::experimental::grf_size_key, std::integral_constant<unsigned int, 256>>>>, 1>' is deprecated: To specify properties, use a launch configuration object of type launch_config or a kernel functor with a get(sycl::ext::oneapi::experimental::properties_tag) member function instead. [-Wdeprecated-declarations]
  122 |         q.submit([&](sycl::handler& h) { h.parallel_for(sycl::nd_range<1>(round_up(n, local), local), props, k); });
      |                                            ^
/opt/intel/oneapi/compiler/2026.0/bin/compiler/../../include/sycl/handler.hpp:1537:3: note: 'parallel_for<sycl::detail::auto_name, exl3::DpasKernel<4, 1, 40, 2>, sycl::ext::oneapi::experimental::properties<sycl::ext::oneapi::experimental::detail::properties_type_list<sycl::ext::oneapi::experimental::property_value<sycl::ext::intel::experimental::grf_size_key, std::integral_constant<unsigned int, 256>>>>, 1>' has been explicitly marked deprecated here
 1537 |   __SYCL_DEPRECATED("To specify properties, use a launch configuration object "
      |   ^
/opt/intel/oneapi/compiler/2026.0/bin/compiler/../../include/sycl/detail/defines_elementary.hpp:62:38: note: expanded from macro '__SYCL_DEPRECATED'
   62 | #define __SYCL_DEPRECATED(message) [[deprecated(message)]]
      |                                      ^
/home/yanchun/Projects/exl3xpu/csrc/exl3_ops.sycl:122:44: warning: 'parallel_for' is deprecated: To specify properties, use a launch configuration object of type launch_config or a kernel functor with a get(sycl::ext::oneapi::experimental::properties_tag) member function instead. [-Wdeprecated-declarations]
  122 |         q.submit([&](sycl::handler& h) { h.parallel_for(sycl::nd_range<1>(round_up(n, local), local), props, k); });
      |                                            ^
/home/yanchun/Projects/exl3xpu/csrc/exl3_ops.sycl:122:40: note: while substituting into a lambda expression here
  122 |         q.submit([&](sycl::handler& h) { h.parallel_for(sycl::nd_range<1>(round_up(n, local), local), props, k); });
      |                                        ^
/home/yanchun/Projects/exl3xpu/csrc/exl3_ops.sycl:158:18: note: in instantiation of function template specialization 'launch_dpas<4, 1, 48, 2>' requested here
  158 |         case 48: launch_dpas<K, CB, 48, 2>(xh, tr, shard, part, M, Kdim, N, P, rps, q); return true;
      |                  ^
/home/yanchun/Projects/exl3xpu/csrc/exl3_ops.sycl:327:21: note: in instantiation of function template specialization 'dispatch_dpas<4, 1>' requested here
  327 |     EXL3_CASE(4, 0) EXL3_CASE(4, 1) EXL3_CASE(6, 0) EXL3_CASE(6, 1)
      |                     ^
/home/yanchun/Projects/exl3xpu/csrc/exl3_ops.sycl:323:45: note: expanded from macro 'EXL3_CASE'
  323 |                                           : dispatch_dpas<KK, CC>(MB, xh, trellis, shard_of_nb, part, M, Kdim, N, P, rps, q);
      |                                             ^
/opt/intel/oneapi/compiler/2026.0/bin/compiler/../../include/sycl/handler.hpp:1542:28: note: 'parallel_for' has been explicitly marked deprecated here
 1542 |       PropertiesT>::value> parallel_for(nd_range<Dims> Range,
      |                            ^
/home/yanchun/Projects/exl3xpu/csrc/exl3_ops.sycl:122:44: warning: 'parallel_for<sycl::detail::auto_name, exl3::DpasKernel<4, 1, 48, 2>, sycl::ext::oneapi::experimental::properties<sycl::ext::oneapi::experimental::detail::properties_type_list<sycl::ext::oneapi::experimental::property_value<sycl::ext::intel::experimental::grf_size_key, std::integral_constant<unsigned int, 256>>>>, 1>' is deprecated: To specify properties, use a launch configuration object of type launch_config or a kernel functor with a get(sycl::ext::oneapi::experimental::properties_tag) member function instead. [-Wdeprecated-declarations]
  122 |         q.submit([&](sycl::handler& h) { h.parallel_for(sycl::nd_range<1>(round_up(n, local), local), props, k); });
      |                                            ^
/opt/intel/oneapi/compiler/2026.0/bin/compiler/../../include/sycl/handler.hpp:1537:3: note: 'parallel_for<sycl::detail::auto_name, exl3::DpasKernel<4, 1, 48, 2>, sycl::ext::oneapi::experimental::properties<sycl::ext::oneapi::experimental::detail::properties_type_list<sycl::ext::oneapi::experimental::property_value<sycl::ext::intel::experimental::grf_size_key, std::integral_constant<unsigned int, 256>>>>, 1>' has been explicitly marked deprecated here
 1537 |   __SYCL_DEPRECATED("To specify properties, use a launch configuration object "
      |   ^
/opt/intel/oneapi/compiler/2026.0/bin/compiler/../../include/sycl/detail/defines_elementary.hpp:62:38: note: expanded from macro '__SYCL_DEPRECATED'
   62 | #define __SYCL_DEPRECATED(message) [[deprecated(message)]]
      |                                      ^
/home/yanchun/Projects/exl3xpu/csrc/exl3_ops.sycl:122:44: warning: 'parallel_for' is deprecated: To specify properties, use a launch configuration object of type launch_config or a kernel functor with a get(sycl::ext::oneapi::experimental::properties_tag) member function instead. [-Wdeprecated-declarations]
  122 |         q.submit([&](sycl::handler& h) { h.parallel_for(sycl::nd_range<1>(round_up(n, local), local), props, k); });
      |                                            ^
/home/yanchun/Projects/exl3xpu/csrc/exl3_ops.sycl:122:40: note: while substituting into a lambda expression here
  122 |         q.submit([&](sycl::handler& h) { h.parallel_for(sycl::nd_range<1>(round_up(n, local), local), props, k); });
      |                                        ^
/home/yanchun/Projects/exl3xpu/csrc/exl3_ops.sycl:163:18: note: in instantiation of function template specialization 'launch_dpas<4, 1, 64, 2>' requested here
  163 |         case 64: launch_dpas<K, CB, 64, EXL3_DPAS64_NT>(xh, tr, shard, part, M, Kdim, N, P, rps, q); return true;
      |                  ^
/home/yanchun/Projects/exl3xpu/csrc/exl3_ops.sycl:327:21: note: in instantiation of function template specialization 'dispatch_dpas<4, 1>' requested here
  327 |     EXL3_CASE(4, 0) EXL3_CASE(4, 1) EXL3_CASE(6, 0) EXL3_CASE(6, 1)
      |                     ^
/home/yanchun/Projects/exl3xpu/csrc/exl3_ops.sycl:323:45: note: expanded from macro 'EXL3_CASE'
  323 |                                           : dispatch_dpas<KK, CC>(MB, xh, trellis, shard_of_nb, part, M, Kdim, N, P, rps, q);
      |                                             ^
/opt/intel/oneapi/compiler/2026.0/bin/compiler/../../include/sycl/handler.hpp:1542:28: note: 'parallel_for' has been explicitly marked deprecated here
 1542 |       PropertiesT>::value> parallel_for(nd_range<Dims> Range,
      |                            ^
/home/yanchun/Projects/exl3xpu/csrc/exl3_ops.sycl:122:44: warning: 'parallel_for<sycl::detail::auto_name, exl3::DpasKernel<4, 1, 64, 2>, sycl::ext::oneapi::experimental::properties<sycl::ext::oneapi::experimental::detail::properties_type_list<sycl::ext::oneapi::experimental::property_value<sycl::ext::intel::experimental::grf_size_key, std::integral_constant<unsigned int, 256>>>>, 1>' is deprecated: To specify properties, use a launch configuration object of type launch_config or a kernel functor with a get(sycl::ext::oneapi::experimental::properties_tag) member function instead. [-Wdeprecated-declarations]
  122 |         q.submit([&](sycl::handler& h) { h.parallel_for(sycl::nd_range<1>(round_up(n, local), local), props, k); });
      |                                            ^
/opt/intel/oneapi/compiler/2026.0/bin/compiler/../../include/sycl/handler.hpp:1537:3: note: 'parallel_for<sycl::detail::auto_name, exl3::DpasKernel<4, 1, 64, 2>, sycl::ext::oneapi::experimental::properties<sycl::ext::oneapi::experimental::detail::properties_type_list<sycl::ext::oneapi::experimental::property_value<sycl::ext::intel::experimental::grf_size_key, std::integral_constant<unsigned int, 256>>>>, 1>' has been explicitly marked deprecated here
 1537 |   __SYCL_DEPRECATED("To specify properties, use a launch configuration object "
      |   ^
/opt/intel/oneapi/compiler/2026.0/bin/compiler/../../include/sycl/detail/defines_elementary.hpp:62:38: note: expanded from macro '__SYCL_DEPRECATED'
   62 | #define __SYCL_DEPRECATED(message) [[deprecated(message)]]
      |                                      ^
/home/yanchun/Projects/exl3xpu/csrc/exl3_ops.sycl:122:44: warning: 'parallel_for' is deprecated: To specify properties, use a launch configuration object of type launch_config or a kernel functor with a get(sycl::ext::oneapi::experimental::properties_tag) member function instead. [-Wdeprecated-declarations]
  122 |         q.submit([&](sycl::handler& h) { h.parallel_for(sycl::nd_range<1>(round_up(n, local), local), props, k); });
      |                                            ^
/home/yanchun/Projects/exl3xpu/csrc/exl3_ops.sycl:122:40: note: while substituting into a lambda expression here
  122 |         q.submit([&](sycl::handler& h) { h.parallel_for(sycl::nd_range<1>(round_up(n, local), local), props, k); });
      |                                        ^
/home/yanchun/Projects/exl3xpu/csrc/exl3_ops.sycl:157:18: note: in instantiation of function template specialization 'launch_dpas<6, 0, 40, 2>' requested here
  157 |         case 40: launch_dpas<K, CB, 40, 2>(xh, tr, shard, part, M, Kdim, N, P, rps, q); return true;
      |                  ^
/home/yanchun/Projects/exl3xpu/csrc/exl3_ops.sycl:327:37: note: in instantiation of function template specialization 'dispatch_dpas<6, 0>' requested here
  327 |     EXL3_CASE(4, 0) EXL3_CASE(4, 1) EXL3_CASE(6, 0) EXL3_CASE(6, 1)
      |                                     ^
/home/yanchun/Projects/exl3xpu/csrc/exl3_ops.sycl:323:45: note: expanded from macro 'EXL3_CASE'
  323 |                                           : dispatch_dpas<KK, CC>(MB, xh, trellis, shard_of_nb, part, M, Kdim, N, P, rps, q);
      |                                             ^
/opt/intel/oneapi/compiler/2026.0/bin/compiler/../../include/sycl/handler.hpp:1542:28: note: 'parallel_for' has been explicitly marked deprecated here
 1542 |       PropertiesT>::value> parallel_for(nd_range<Dims> Range,
      |                            ^
/home/yanchun/Projects/exl3xpu/csrc/exl3_ops.sycl:122:44: warning: 'parallel_for<sycl::detail::auto_name, exl3::DpasKernel<6, 0, 40, 2>, sycl::ext::oneapi::experimental::properties<sycl::ext::oneapi::experimental::detail::properties_type_list<sycl::ext::oneapi::experimental::property_value<sycl::ext::intel::experimental::grf_size_key, std::integral_constant<unsigned int, 256>>>>, 1>' is deprecated: To specify properties, use a launch configuration object of type launch_config or a kernel functor with a get(sycl::ext::oneapi::experimental::properties_tag) member function instead. [-Wdeprecated-declarations]
  122 |         q.submit([&](sycl::handler& h) { h.parallel_for(sycl::nd_range<1>(round_up(n, local), local), props, k); });
      |                                            ^
/opt/intel/oneapi/compiler/2026.0/bin/compiler/../../include/sycl/handler.hpp:1537:3: note: 'parallel_for<sycl::detail::auto_name, exl3::DpasKernel<6, 0, 40, 2>, sycl::ext::oneapi::experimental::properties<sycl::ext::oneapi::experimental::detail::properties_type_list<sycl::ext::oneapi::experimental::property_value<sycl::ext::intel::experimental::grf_size_key, std::integral_constant<unsigned int, 256>>>>, 1>' has been explicitly marked deprecated here
 1537 |   __SYCL_DEPRECATED("To specify properties, use a launch configuration object "
      |   ^
/opt/intel/oneapi/compiler/2026.0/bin/compiler/../../include/sycl/detail/defines_elementary.hpp:62:38: note: expanded from macro '__SYCL_DEPRECATED'
   62 | #define __SYCL_DEPRECATED(message) [[deprecated(message)]]
      |                                      ^
/home/yanchun/Projects/exl3xpu/csrc/exl3_ops.sycl:122:44: warning: 'parallel_for' is deprecated: To specify properties, use a launch configuration object of type launch_config or a kernel functor with a get(sycl::ext::oneapi::experimental::properties_tag) member function instead. [-Wdeprecated-declarations]
  122 |         q.submit([&](sycl::handler& h) { h.parallel_for(sycl::nd_range<1>(round_up(n, local), local), props, k); });
      |                                            ^
/home/yanchun/Projects/exl3xpu/csrc/exl3_ops.sycl:122:40: note: while substituting into a lambda expression here
  122 |         q.submit([&](sycl::handler& h) { h.parallel_for(sycl::nd_range<1>(round_up(n, local), local), props, k); });
      |                                        ^
/home/yanchun/Projects/exl3xpu/csrc/exl3_ops.sycl:158:18: note: in instantiation of function template specialization 'launch_dpas<6, 0, 48, 2>' requested here
  158 |         case 48: launch_dpas<K, CB, 48, 2>(xh, tr, shard, part, M, Kdim, N, P, rps, q); return true;
      |                  ^
/home/yanchun/Projects/exl3xpu/csrc/exl3_ops.sycl:327:37: note: in instantiation of function template specialization 'dispatch_dpas<6, 0>' requested here
  327 |     EXL3_CASE(4, 0) EXL3_CASE(4, 1) EXL3_CASE(6, 0) EXL3_CASE(6, 1)
      |                                     ^
/home/yanchun/Projects/exl3xpu/csrc/exl3_ops.sycl:323:45: note: expanded from macro 'EXL3_CASE'
  323 |                                           : dispatch_dpas<KK, CC>(MB, xh, trellis, shard_of_nb, part, M, Kdim, N, P, rps, q);
      |                                             ^
/opt/intel/oneapi/compiler/2026.0/bin/compiler/../../include/sycl/handler.hpp:1542:28: note: 'parallel_for' has been explicitly marked deprecated here
 1542 |       PropertiesT>::value> parallel_for(nd_range<Dims> Range,
      |                            ^
/home/yanchun/Projects/exl3xpu/csrc/exl3_ops.sycl:122:44: warning: 'parallel_for<sycl::detail::auto_name, exl3::DpasKernel<6, 0, 48, 2>, sycl::ext::oneapi::experimental::properties<sycl::ext::oneapi::experimental::detail::properties_type_list<sycl::ext::oneapi::experimental::property_value<sycl::ext::intel::experimental::grf_size_key, std::integral_constant<unsigned int, 256>>>>, 1>' is deprecated: To specify properties, use a launch configuration object of type launch_config or a kernel functor with a get(sycl::ext::oneapi::experimental::properties_tag) member function instead. [-Wdeprecated-declarations]
  122 |         q.submit([&](sycl::handler& h) { h.parallel_for(sycl::nd_range<1>(round_up(n, local), local), props, k); });
      |                                            ^
/opt/intel/oneapi/compiler/2026.0/bin/compiler/../../include/sycl/handler.hpp:1537:3: note: 'parallel_for<sycl::detail::auto_name, exl3::DpasKernel<6, 0, 48, 2>, sycl::ext::oneapi::experimental::properties<sycl::ext::oneapi::experimental::detail::properties_type_list<sycl::ext::oneapi::experimental::property_value<sycl::ext::intel::experimental::grf_size_key, std::integral_constant<unsigned int, 256>>>>, 1>' has been explicitly marked deprecated here
 1537 |   __SYCL_DEPRECATED("To specify properties, use a launch configuration object "
      |   ^
/opt/intel/oneapi/compiler/2026.0/bin/compiler/../../include/sycl/detail/defines_elementary.hpp:62:38: note: expanded from macro '__SYCL_DEPRECATED'
   62 | #define __SYCL_DEPRECATED(message) [[deprecated(message)]]
      |                                      ^
/home/yanchun/Projects/exl3xpu/csrc/exl3_ops.sycl:122:44: warning: 'parallel_for' is deprecated: To specify properties, use a launch configuration object of type launch_config or a kernel functor with a get(sycl::ext::oneapi::experimental::properties_tag) member function instead. [-Wdeprecated-declarations]
  122 |         q.submit([&](sycl::handler& h) { h.parallel_for(sycl::nd_range<1>(round_up(n, local), local), props, k); });
      |                                            ^
/home/yanchun/Projects/exl3xpu/csrc/exl3_ops.sycl:122:40: note: while substituting into a lambda expression here
  122 |         q.submit([&](sycl::handler& h) { h.parallel_for(sycl::nd_range<1>(round_up(n, local), local), props, k); });
      |                                        ^
/home/yanchun/Projects/exl3xpu/csrc/exl3_ops.sycl:163:18: note: in instantiation of function template specialization 'launch_dpas<6, 0, 64, 2>' requested here
  163 |         case 64: launch_dpas<K, CB, 64, EXL3_DPAS64_NT>(xh, tr, shard, part, M, Kdim, N, P, rps, q); return true;
      |                  ^
/home/yanchun/Projects/exl3xpu/csrc/exl3_ops.sycl:327:37: note: in instantiation of function template specialization 'dispatch_dpas<6, 0>' requested here
  327 |     EXL3_CASE(4, 0) EXL3_CASE(4, 1) EXL3_CASE(6, 0) EXL3_CASE(6, 1)
      |                                     ^
/home/yanchun/Projects/exl3xpu/csrc/exl3_ops.sycl:323:45: note: expanded from macro 'EXL3_CASE'
  323 |                                           : dispatch_dpas<KK, CC>(MB, xh, trellis, shard_of_nb, part, M, Kdim, N, P, rps, q);
      |                                             ^
/opt/intel/oneapi/compiler/2026.0/bin/compiler/../../include/sycl/handler.hpp:1542:28: note: 'parallel_for' has been explicitly marked deprecated here
 1542 |       PropertiesT>::value> parallel_for(nd_range<Dims> Range,
      |                            ^
/home/yanchun/Projects/exl3xpu/csrc/exl3_ops.sycl:122:44: warning: 'parallel_for<sycl::detail::auto_name, exl3::DpasKernel<6, 0, 64, 2>, sycl::ext::oneapi::experimental::properties<sycl::ext::oneapi::experimental::detail::properties_type_list<sycl::ext::oneapi::experimental::property_value<sycl::ext::intel::experimental::grf_size_key, std::integral_constant<unsigned int, 256>>>>, 1>' is deprecated: To specify properties, use a launch configuration object of type launch_config or a kernel functor with a get(sycl::ext::oneapi::experimental::properties_tag) member function instead. [-Wdeprecated-declarations]
  122 |         q.submit([&](sycl::handler& h) { h.parallel_for(sycl::nd_range<1>(round_up(n, local), local), props, k); });
      |                                            ^
/opt/intel/oneapi/compiler/2026.0/bin/compiler/../../include/sycl/handler.hpp:1537:3: note: 'parallel_for<sycl::detail::auto_name, exl3::DpasKernel<6, 0, 64, 2>, sycl::ext::oneapi::experimental::properties<sycl::ext::oneapi::experimental::detail::properties_type_list<sycl::ext::oneapi::experimental::property_value<sycl::ext::intel::experimental::grf_size_key, std::integral_constant<unsigned int, 256>>>>, 1>' has been explicitly marked deprecated here
 1537 |   __SYCL_DEPRECATED("To specify properties, use a launch configuration object "
      |   ^
/opt/intel/oneapi/compiler/2026.0/bin/compiler/../../include/sycl/detail/defines_elementary.hpp:62:38: note: expanded from macro '__SYCL_DEPRECATED'
   62 | #define __SYCL_DEPRECATED(message) [[deprecated(message)]]
      |                                      ^
/home/yanchun/Projects/exl3xpu/csrc/exl3_ops.sycl:122:44: warning: 'parallel_for' is deprecated: To specify properties, use a launch configuration object of type launch_config or a kernel functor with a get(sycl::ext::oneapi::experimental::properties_tag) member function instead. [-Wdeprecated-declarations]
  122 |         q.submit([&](sycl::handler& h) { h.parallel_for(sycl::nd_range<1>(round_up(n, local), local), props, k); });
      |                                            ^
/home/yanchun/Projects/exl3xpu/csrc/exl3_ops.sycl:122:40: note: while substituting into a lambda expression here
  122 |         q.submit([&](sycl::handler& h) { h.parallel_for(sycl::nd_range<1>(round_up(n, local), local), props, k); });
      |                                        ^
/home/yanchun/Projects/exl3xpu/csrc/exl3_ops.sycl:157:18: note: in instantiation of function template specialization 'launch_dpas<6, 1, 40, 2>' requested here
  157 |         case 40: launch_dpas<K, CB, 40, 2>(xh, tr, shard, part, M, Kdim, N, P, rps, q); return true;
      |                  ^
/home/yanchun/Projects/exl3xpu/csrc/exl3_ops.sycl:327:53: note: in instantiation of function template specialization 'dispatch_dpas<6, 1>' requested here
  327 |     EXL3_CASE(4, 0) EXL3_CASE(4, 1) EXL3_CASE(6, 0) EXL3_CASE(6, 1)
      |                                                     ^
/home/yanchun/Projects/exl3xpu/csrc/exl3_ops.sycl:323:45: note: expanded from macro 'EXL3_CASE'
  323 |                                           : dispatch_dpas<KK, CC>(MB, xh, trellis, shard_of_nb, part, M, Kdim, N, P, rps, q);
      |                                             ^
/opt/intel/oneapi/compiler/2026.0/bin/compiler/../../include/sycl/handler.hpp:1542:28: note: 'parallel_for' has been explicitly marked deprecated here
 1542 |       PropertiesT>::value> parallel_for(nd_range<Dims> Range,
      |                            ^
/home/yanchun/Projects/exl3xpu/csrc/exl3_ops.sycl:122:44: warning: 'parallel_for<sycl::detail::auto_name, exl3::DpasKernel<6, 1, 40, 2>, sycl::ext::oneapi::experimental::properties<sycl::ext::oneapi::experimental::detail::properties_type_list<sycl::ext::oneapi::experimental::property_value<sycl::ext::intel::experimental::grf_size_key, std::integral_constant<unsigned int, 256>>>>, 1>' is deprecated: To specify properties, use a launch configuration object of type launch_config or a kernel functor with a get(sycl::ext::oneapi::experimental::properties_tag) member function instead. [-Wdeprecated-declarations]
  122 |         q.submit([&](sycl::handler& h) { h.parallel_for(sycl::nd_range<1>(round_up(n, local), local), props, k); });
      |                                            ^
/opt/intel/oneapi/compiler/2026.0/bin/compiler/../../include/sycl/handler.hpp:1537:3: note: 'parallel_for<sycl::detail::auto_name, exl3::DpasKernel<6, 1, 40, 2>, sycl::ext::oneapi::experimental::properties<sycl::ext::oneapi::experimental::detail::properties_type_list<sycl::ext::oneapi::experimental::property_value<sycl::ext::intel::experimental::grf_size_key, std::integral_constant<unsigned int, 256>>>>, 1>' has been explicitly marked deprecated here
 1537 |   __SYCL_DEPRECATED("To specify properties, use a launch configuration object "
      |   ^
/opt/intel/oneapi/compiler/2026.0/bin/compiler/../../include/sycl/detail/defines_elementary.hpp:62:38: note: expanded from macro '__SYCL_DEPRECATED'
   62 | #define __SYCL_DEPRECATED(message) [[deprecated(message)]]
      |                                      ^
/home/yanchun/Projects/exl3xpu/csrc/exl3_ops.sycl:122:44: warning: 'parallel_for' is deprecated: To specify properties, use a launch configuration object of type launch_config or a kernel functor with a get(sycl::ext::oneapi::experimental::properties_tag) member function instead. [-Wdeprecated-declarations]
  122 |         q.submit([&](sycl::handler& h) { h.parallel_for(sycl::nd_range<1>(round_up(n, local), local), props, k); });
      |                                            ^
/home/yanchun/Projects/exl3xpu/csrc/exl3_ops.sycl:122:40: note: while substituting into a lambda expression here
  122 |         q.submit([&](sycl::handler& h) { h.parallel_for(sycl::nd_range<1>(round_up(n, local), local), props, k); });
      |                                        ^
/home/yanchun/Projects/exl3xpu/csrc/exl3_ops.sycl:158:18: note: in instantiation of function template specialization 'launch_dpas<6, 1, 48, 2>' requested here
  158 |         case 48: launch_dpas<K, CB, 48, 2>(xh, tr, shard, part, M, Kdim, N, P, rps, q); return true;
      |                  ^
/home/yanchun/Projects/exl3xpu/csrc/exl3_ops.sycl:327:53: note: in instantiation of function template specialization 'dispatch_dpas<6, 1>' requested here
  327 |     EXL3_CASE(4, 0) EXL3_CASE(4, 1) EXL3_CASE(6, 0) EXL3_CASE(6, 1)
      |                                                     ^
/home/yanchun/Projects/exl3xpu/csrc/exl3_ops.sycl:323:45: note: expanded from macro 'EXL3_CASE'
  323 |                                           : dispatch_dpas<KK, CC>(MB, xh, trellis, shard_of_nb, part, M, Kdim, N, P, rps, q);
      |                                             ^
/opt/intel/oneapi/compiler/2026.0/bin/compiler/../../include/sycl/handler.hpp:1542:28: note: 'parallel_for' has been explicitly marked deprecated here
 1542 |       PropertiesT>::value> parallel_for(nd_range<Dims> Range,
      |                            ^
/home/yanchun/Projects/exl3xpu/csrc/exl3_ops.sycl:122:44: warning: 'parallel_for<sycl::detail::auto_name, exl3::DpasKernel<6, 1, 48, 2>, sycl::ext::oneapi::experimental::properties<sycl::ext::oneapi::experimental::detail::properties_type_list<sycl::ext::oneapi::experimental::property_value<sycl::ext::intel::experimental::grf_size_key, std::integral_constant<unsigned int, 256>>>>, 1>' is deprecated: To specify properties, use a launch configuration object of type launch_config or a kernel functor with a get(sycl::ext::oneapi::experimental::properties_tag) member function instead. [-Wdeprecated-declarations]
  122 |         q.submit([&](sycl::handler& h) { h.parallel_for(sycl::nd_range<1>(round_up(n, local), local), props, k); });
      |                                            ^
/opt/intel/oneapi/compiler/2026.0/bin/compiler/../../include/sycl/handler.hpp:1537:3: note: 'parallel_for<sycl::detail::auto_name, exl3::DpasKernel<6, 1, 48, 2>, sycl::ext::oneapi::experimental::properties<sycl::ext::oneapi::experimental::detail::properties_type_list<sycl::ext::oneapi::experimental::property_value<sycl::ext::intel::experimental::grf_size_key, std::integral_constant<unsigned int, 256>>>>, 1>' has been explicitly marked deprecated here
 1537 |   __SYCL_DEPRECATED("To specify properties, use a launch configuration object "
      |   ^
/opt/intel/oneapi/compiler/2026.0/bin/compiler/../../include/sycl/detail/defines_elementary.hpp:62:38: note: expanded from macro '__SYCL_DEPRECATED'
   62 | #define __SYCL_DEPRECATED(message) [[deprecated(message)]]
      |                                      ^
/home/yanchun/Projects/exl3xpu/csrc/exl3_ops.sycl:122:44: warning: 'parallel_for' is deprecated: To specify properties, use a launch configuration object of type launch_config or a kernel functor with a get(sycl::ext::oneapi::experimental::properties_tag) member function instead. [-Wdeprecated-declarations]
  122 |         q.submit([&](sycl::handler& h) { h.parallel_for(sycl::nd_range<1>(round_up(n, local), local), props, k); });
      |                                            ^
/home/yanchun/Projects/exl3xpu/csrc/exl3_ops.sycl:122:40: note: while substituting into a lambda expression here
  122 |         q.submit([&](sycl::handler& h) { h.parallel_for(sycl::nd_range<1>(round_up(n, local), local), props, k); });
      |                                        ^
/home/yanchun/Projects/exl3xpu/csrc/exl3_ops.sycl:163:18: note: in instantiation of function template specialization 'launch_dpas<6, 1, 64, 2>' requested here
  163 |         case 64: launch_dpas<K, CB, 64, EXL3_DPAS64_NT>(xh, tr, shard, part, M, Kdim, N, P, rps, q); return true;
      |                  ^
/home/yanchun/Projects/exl3xpu/csrc/exl3_ops.sycl:327:53: note: in instantiation of function template specialization 'dispatch_dpas<6, 1>' requested here
  327 |     EXL3_CASE(4, 0) EXL3_CASE(4, 1) EXL3_CASE(6, 0) EXL3_CASE(6, 1)
      |                                                     ^
/home/yanchun/Projects/exl3xpu/csrc/exl3_ops.sycl:323:45: note: expanded from macro 'EXL3_CASE'
  323 |                                           : dispatch_dpas<KK, CC>(MB, xh, trellis, shard_of_nb, part, M, Kdim, N, P, rps, q);
      |                                             ^
/opt/intel/oneapi/compiler/2026.0/bin/compiler/../../include/sycl/handler.hpp:1542:28: note: 'parallel_for' has been explicitly marked deprecated here
 1542 |       PropertiesT>::value> parallel_for(nd_range<Dims> Range,
      |                            ^
/home/yanchun/Projects/exl3xpu/csrc/exl3_ops.sycl:122:44: warning: 'parallel_for<sycl::detail::auto_name, exl3::DpasKernel<6, 1, 64, 2>, sycl::ext::oneapi::experimental::properties<sycl::ext::oneapi::experimental::detail::properties_type_list<sycl::ext::oneapi::experimental::property_value<sycl::ext::intel::experimental::grf_size_key, std::integral_constant<unsigned int, 256>>>>, 1>' is deprecated: To specify properties, use a launch configuration object of type launch_config or a kernel functor with a get(sycl::ext::oneapi::experimental::properties_tag) member function instead. [-Wdeprecated-declarations]
  122 |         q.submit([&](sycl::handler& h) { h.parallel_for(sycl::nd_range<1>(round_up(n, local), local), props, k); });
      |                                            ^
/opt/intel/oneapi/compiler/2026.0/bin/compiler/../../include/sycl/handler.hpp:1537:3: note: 'parallel_for<sycl::detail::auto_name, exl3::DpasKernel<6, 1, 64, 2>, sycl::ext::oneapi::experimental::properties<sycl::ext::oneapi::experimental::detail::properties_type_list<sycl::ext::oneapi::experimental::property_value<sycl::ext::intel::experimental::grf_size_key, std::integral_constant<unsigned int, 256>>>>, 1>' has been explicitly marked deprecated here
 1537 |   __SYCL_DEPRECATED("To specify properties, use a launch configuration object "
      |   ^
/opt/intel/oneapi/compiler/2026.0/bin/compiler/../../include/sycl/detail/defines_elementary.hpp:62:38: note: expanded from macro '__SYCL_DEPRECATED'
   62 | #define __SYCL_DEPRECATED(message) [[deprecated(message)]]
      |                                      ^
89 warnings generated.
icpx exit: 0
-rwxr-xr-x 1 yanchun yanchun 5211192 Oct  7 12:54 /home/yanchun/Projects/exl3xpu/exl3xpu/_C.so.fresh-20261007-125331
c396e9ae5fe3bde47ba9434862bb6777a267883b62d601e62bb2ab5d44c17560  /home/yanchun/Projects/exl3xpu/exl3xpu/_C.so.fresh-20261007-125331
ops loaded from: /home/yanchun/Projects/exl3xpu/exl3xpu/_C.so.fresh-20261007-125331
exl3_supported(4,2): True
exl3_supported(6,2): True
fresh-artifact load validation: PASS
-rwxr-xr-x 1 yanchun yanchun 5211192 Oct  7 12:54 /home/yanchun/Projects/exl3xpu/exl3xpu/_C.so
published to exl3xpu/_C.so
BUILD OK
